<?xml version="1.0" encoding="UTF-8" standalone="yes"?>
<!--NBC POUCH-->
<types>
  <type name="MMG_nbc_pouch">
    <nominal>2</nominal>
    <lifetime>7200</lifetime>
    <restock>7200</restock>
    <min>1</min>
    <quantmin>-1</quantmin>
    <quantmax>-1</quantmax>
    <cost>100</cost>
    <flags count_in_cargo="0" count_in_hoarder="0" count_in_map="1" count_in_player="0" crafted="0" deloot="0" />
    <usage name="Military" />
    <usage name="Hunting" />
    <usage name="Industrial" />
    <value name="Tier1" />
    <value name="Tier4" />
    <value name="Tier5" />
    <value name="Tier6" />
    <value name="Tier7" />
    <value name="Tier8" />
    <value name="Tier9" />
    <value name="Tier10" />
    <value name="Tier11" />
    <value name="Tier12" />
    <value name="Tier13" />
    <value name="Tier14" />
    <value name="Tier15" />
    <value name="Tier16" />
    <value name="Tier17" />
    <value name="Tier18" />
  </type>
  <!--GP-NVG-->
  <type name="mmg_gp_nvg_black">
    <nominal>2</nominal>
    <lifetime>7200</lifetime>
    <restock>7200</restock>
    <min>1</min>
    <quantmin>-1</quantmin>
    <quantmax>-1</quantmax>
    <cost>100</cost>
    <flags count_in_cargo="0" count_in_hoarder="0" count_in_map="1" count_in_player="0" crafted="0" deloot="0" />
    <usage name="Military" />
    <usage name="Hunting" />
    <value name="Tier1" />
    <value name="Tier4" />
    <value name="Tier5" />
    <value name="Tier6" />
    <value name="Tier7" />
    <value name="Tier8" />
    <value name="Tier9" />
    <value name="Tier10" />
    <value name="Tier11" />
    <value name="Tier12" />
    <value name="Tier13" />
    <value name="Tier14" />
    <value name="Tier15" />
    <value name="Tier16" />
    <value name="Tier17" />
    <value name="Tier18" />
  </type>
  <type name="mmg_gp_nvg_tan">
    <nominal>2</nominal>
    <lifetime>7200</lifetime>
    <restock>7200</restock>
    <min>1</min>
    <quantmin>-1</quantmin>
    <quantmax>-1</quantmax>
    <cost>100</cost>
    <flags count_in_cargo="0" count_in_hoarder="0" count_in_map="1" count_in_player="0" crafted="0" deloot="0" />
    <usage name="Military" />
    <usage name="Hunting" />
    <value name="Tier1" />
    <value name="Tier4" />
    <value name="Tier5" />
    <value name="Tier6" />
    <value name="Tier7" />
    <value name="Tier8" />
    <value name="Tier9" />
    <value name="Tier10" />
    <value name="Tier11" />
    <value name="Tier12" />
    <value name="Tier13" />
    <value name="Tier14" />
    <value name="Tier15" />
    <value name="Tier16" />
    <value name="Tier17" />
    <value name="Tier18" />
  </type>
  <type name="mmg_gp_nvg_green">
    <nominal>2</nominal>
    <lifetime>7200</lifetime>
    <restock>7200</restock>
    <min>1</min>
    <quantmin>-1</quantmin>
    <quantmax>-1</quantmax>
    <cost>100</cost>
    <flags count_in_cargo="0" count_in_hoarder="0" count_in_map="1" count_in_player="0" crafted="0" deloot="0" />
    <usage name="Military" />
    <usage name="Hunting" />
    <value name="Tier1" />
    <value name="Tier4" />
    <value name="Tier5" />
    <value name="Tier6" />
    <value name="Tier7" />
    <value name="Tier8" />
    <value name="Tier9" />
    <value name="Tier10" />
    <value name="Tier11" />
    <value name="Tier12" />
    <value name="Tier13" />
    <value name="Tier14" />
    <value name="Tier15" />
    <value name="Tier16" />
    <value name="Tier17" />
    <value name="Tier18" />
  </type>
  <type name="mmg_gp_nvg_grey">
    <nominal>2</nominal>
    <lifetime>7200</lifetime>
    <restock>7200</restock>
    <min>1</min>
    <quantmin>-1</quantmin>
    <quantmax>-1</quantmax>
    <cost>100</cost>
    <flags count_in_cargo="0" count_in_hoarder="0" count_in_map="1" count_in_player="0" crafted="0" deloot="0" />
    <usage name="Military" />
    <usage name="Hunting" />
    <value name="Tier1" />
    <value name="Tier4" />
    <value name="Tier5" />
    <value name="Tier6" />
    <value name="Tier7" />
    <value name="Tier8" />
    <value name="Tier9" />
    <value name="Tier10" />
    <value name="Tier11" />
    <value name="Tier12" />
    <value name="Tier13" />
    <value name="Tier14" />
    <value name="Tier15" />
    <value name="Tier16" />
    <value name="Tier17" />
    <value name="Tier18" />
  </type>
</types>