{
    "m_Version": 6,
    "m_DisplayName": "Boat trader",
    "Position": [
        10511.400390625,
        1.9471060037612916,
        5723.33984375
    ],
    "Radius": 150.0,
    "BuyPricePercent": 100.0,
    "SellPricePercent": -1.0,
    "Stock": {
        "civsedantrunk": 75,
        "sedan_02_door_2_2_grey": 75,
        "sedan_02_wheel": 75,
        "sedan_02_hood_grey": 75,
        "civsedandoors_driver_black": 75,
        "hatchback_02_trunk": 75,
        "sparkplug": 75,
        "sedan_02_trunk": 75,
        "civsedanhood": 75,
        "hatchback_02_door_1_1_blue": 75,
        "expansionzodiacboat": 1,
        "expansionmerlinfrontwheel": 75,
        "truck_01_door_2_1_orange": 75,
        "hatchbackdoors_driver_white": 75,
        "hatchbacktrunk_white": 75,
        "hatchback_02_door_2_1_blue": 75,
        "hatchbackdoors_driver": 75,
        "expansion_mh6_door_2_2": 75,
        "expansionvodnikwheel": 75,
        "expansion_landrover_left": 75,
        "expansion_landrover_right": 75,
        "hatchback_02_door_2_2_black": 75,
        "hatchback_02_trunk_black": 75,
        "expansiontractorfrontwheel": 75,
        "sedan_02_door_2_1_grey": 75,
        "canistergasoline": 1,
        "carradiator": 75,
        "offroad_02_door_1_1": 0,
        "hatchbackwheel": 75,
        "civsedandoors_driver": 75,
        "expansion_mh6_door_1_2_black": 75,
        "civsedandoors_backright_black": 75,
        "expansion_mh6_door_2_1": 75,
        "truck_01_door_1_1": 75,
        "camonetcivil": 0,
        "expansionuh1hdoor_2_1": 0,
        "expansionkeychain_blue": 75,
        "expansionvodnikdoorcodriver": 75,
        "sedan_02_door_1_1_red": 75,
        "hatchback_02_door_1_2_black": 75,
        "sedan_02_door_1_1": 75,
        "expansionhydraulichoses": 75,
        "civsedandoors_codriver": 75,
        "expansionkeychain_white": 75,
        "offroad_02_hood": 0,
        "civsedandoors_codriver_black": 75,
        "civsedandoors_backright": 75,
        "expansion_mh6_door_2_1_black": 75,
        "truckbattery": 1,
        "hatchback_02_door_2_1": 75,
        "hatchback_02_door_2_2": 75,
        "civsedanhood_wine": 75,
        "civsedanwheel": 75,
        "hatchbackhood_white": 75,
        "expansionkeychain_orange": 75,
        "truck_01_door_2_1_blue": 75,
        "expansionuazdoorcargo1": 75,
        "expansionuazdoorcargo2": 75,
        "hatchback_02_trunk_blue": 75,
        "sedan_02_trunk_red": 75,
        "sedan_02_door_1_1_grey": 75,
        "civsedandoors_driver_wine": 75,
        "expansion_landrover_hood": 75,
        "truck_01_hood_orange": 75,
        "sedan_02_door_1_2_red": 75,
        "hatchback_02_hood_black": 75,
        "truck_01_wheeldouble": 75,
        "expansionbuswheeldouble": 75,
        "expansion_mh6_door_1_1_black": 75,
        "headlighth7": 75,
        "expansionmerlinbackwheel": 75,
        "expansionuazdoordriver": 75,
        "hatchback_02_hood": 75,
        "expansionkeychain_yellow": 75,
        "expansiontractordoorscodriver": 75,
        "hatchbackhood_blue": 75,
        "hatchback_02_door_1_1_black": 75,
        "hatchbackdoors_codriver_white": 75,
        "expansionkeychain_green": 75,
        "civsedandoors_backleft_black": 75,
        "offroad_02_door_2_1": 0,
        "offroad_02_door_2_2": 0,
        "expansionigniterplug": 75,
        "truck_01_door_1_1_orange": 75,
        "expansion_landrover_trunk": 75,
        "truck_01_hood_blue": 75,
        "offroad_02_door_1_2": 0,
        "expansionkeychain_grey": 75,
        "sedan_02_door_2_2_red": 75,
        "carbattery": 75,
        "sedan_02_door_2_1": 75,
        "sedan_02_door_2_2": 75,
        "tirerepairkit": 75,
        "civsedandoors_backright_wine": 75,
        "sedan_02_hood": 75,
        "civsedandoors_backleft": 75,
        "expansionbuswheel": 75,
        "sedan_02_trunk_grey": 75,
        "expansiontractordoorsdriver": 75,
        "expansion_mh6_door_2_2_black": 75,
        "expansionuazdoorhood": 75,
        "hatchback_02_door_1_2_blue": 75,
        "expansionuazdoorcodriver": 75,
        "civsedandoors_codriver_wine": 75,
        "expansion_landrover_driverdoor": 75,
        "expansionkeychain_purp": 75,
        "hatchbackhood": 75,
        "expansion_landrover_wheel": 75,
        "offroad_02_wheel": 0,
        "expansionuazwheel": 75,
        "battery9v": 75,
        "hatchbackdoors_codriver": 75,
        "expansionutilityboat": 7,
        "civsedanhood_black": 75,
        "hatchbacktrunk_blue": 75,
        "civsedantrunk_black": 75,
        "sedan_02_door_2_1_red": 75,
        "expansion_landrover_codriverdoor": 75,
        "civsedantrunk_wine": 75,
        "camonetdesert": 0,
        "expansionkeychain_pink": 75,
        "truck_01_door_1_1_blue": 75,
        "sedan_02_door_1_2_grey": 75,
        "expansionvodnikdoordriver": 75,
        "sedan_02_hood_red": 75,
        "expansionuh1hdoor_2_2": 0,
        "hatchback_02_door_2_1_black": 75,
        "sedan_02_door_1_2": 75,
        "hatchbackdoors_codriver_blue": 75,
        "hatchbacktrunk": 75,
        "expansion_mh6_door_1_1": 75,
        "expansion_mh6_door_1_2": 75,
        "offroad_02_trunk": 0,
        "expansionlhd": 0,
        "hatchback_02_hood_blue": 75,
        "expansionuh1hdoor_1_1": 75,
        "expansionuh1hdoor_1_2": 75,
        "civsedandoors_backleft_wine": 75,
        "truck_01_hood": 75,
        "truck_01_door_2_1": 75,
        "hatchback_02_door_1_1": 75,
        "expansionkeychain_black": 75,
        "hatchbackdoors_driver_blue": 75,
        "hatchback_02_door_2_2_blue": 75,
        "camonetwinter": 0,
        "glowplug": 1,
        "expansiontractorbackwheel": 75,
        "hatchback_02_wheel": 75,
        "expansioncarkey": 1,
        "headlighth7_box": 75,
        "hatchback_02_door_1_2": 75,
        "expansionkeychain_red": 75,
        "truck_01_wheel": 75,
        "expansionhelicopterbattery": 75
    }
}