{
    "m_Version": 6,
    "m_DisplayName": "High End",
    "Position": [
        10154.73828125,
        26.983402252197267,
        10010.2939453125
    ],
    "Radius": 150.0,
    "BuyPricePercent": 100.0,
    "SellPricePercent": -1.0,
    "Stock": {
        "ammobox_308wintracer_20rnd": 0,
        "expansion_kar98": 0,
        "mmg_tactical_pants_black": 0,
        "canvas_backpack_red": 0,
        "mmg_tactical_pouch_dark_woodlan": 0,
        "tomato": 0,
        "aug": 0,
        "honey": 0,
        "snafu_tango6t_tan": 1,
        "kukriknife": 0,
        "mag_saiga_8rnd": 0,
        "mmg_sheath_black": 75,
        "ammobox_545x39tracer_20rnd": 0,
        "m4_suppressor": 0,
        "snafu_agram_suppressor_black": 1,
        "snafu_gadar": 1,
        "mmg_mk_iii_armor_multicamblack_digital": 1,
        "vss": 0,
        "snafu_cmag40300_tan": 1,
        "mmg_combatpants_multicam": 75,
        "snafu_tango6t_wood": 1,
        "snafu_bmag556_tan": 1,
        "snafu_bmag300_black": 1,
        "snafut5000_wood_gun": 1,
        "mmg_patch_rubber_namalsk_special": 0,
        "snafu_hwalther": 1,
        "mmg_bottle_multicam_tropic": 73,
        "mmg_triple_magpouch_green": 1,
        "fal_oebttstck": 0,
        "mmg_jpc_vest_multicam_tropic": 75,
        "mag_ruger1022_30rnd": 0,
        "mmg_boots_multicam_tropic": 73,
        "snafudvl10m2": 1,
        "mmg_tactical_pants_erdl": 0,
        "lunchmeat": 0,
        "modified_sa58_30rnd_dt": 1,
        "mmg_carrier_backpack_tan": 1,
        "expansion_kedr": 0,
        "mmg_tactical_pouch_multicam": 1,
        "ak_plastichndgrd": 0,
        "mmg_tactical_gloves_lpine": 1,
        "avs36": 0,
        "ttak458": 0,
        "ammo_expansion_m203_sticky_smoke_purple": 375,
        "mmg_striker_helmet_tan": 77,
        "mmg_bottle_multicam": 8,
        "ammo_expansion_46x30": 0,
        "derringer_pink": 0,
        "expansioncheese2": 0,
        "expansioncheese3": 0,
        "mmg_mk5_utility_pouch_multicam": 0,
        "mmg_mag_pouch_ucp": 1,
        "ammo_308wintracer": 375,
        "mmg_mk5_grenade_pouch_tan": 0,
        "ammo_556x45": 1,
        "mmg_operatorshirt_tan": 75,
        "mmg_chestrig_multicamblack": 77,
        "wolfsteakmeat": 0,
        "mmg_combatpants_police": 75,
        "mag_mp5_15rnd": 0,
        "mag_ak101_30rnd": 0,
        "snafu_556_barrel14_dv": 0,
        "snafugevar_black": 1,
        "snafu_m249hg": 1,
        "snafu_pkp_black_gun": 1,
        "amanitamushroom": 0,
        "ghillieatt_woodland": 0,
        "snafu_ar15sprbk": 1,
        "p1": 0,
        "snafu_u100": 1,
        "expansionreflexmrsoptic": 0,
        "sodacan_pipsi": 0,
        "mmg_jpc_vest_multicamblack_digital": 75,
        "snafu_rpk16_black_mag": 1,
        "mmg_med_pouch_multicam": 75,
        "mmg_ballistic_earcover_green": 75,
        "svd": 0,
        "mmg_combatshirt_tan": 75,
        "snafu_ammo_145cal": 1,
        "snafu_sks_10rnd_mag": 1,
        "sword": 0,
        "m4_rishndgrd": 0,
        "mmg_mk5_utility_pouch_multicam_tropic": 0,
        "mmg_patch_rubber_czech_republic": 0,
        "mmg_sheath_multicam_tropic": 0,
        "mmg_sheath_alpine": 1,
        "ammo_12gaslug": 0,
        "mmg_med_pouch_black": 1,
        "snafu_tacgripcolta2_bk": 1,
        "snafu_556_barrel10": 0,
        "vodka": 0,
        "snafu_556_barrel14": 0,
        "snafu_556_barrel16": 0,
        "mmg_ammo_pouch_olive": 75,
        "mmg_chestrig_green": 77,
        "caninaberry": 0,
        "snafuar15_spr_60rnd_mag": 1,
        "snafu_m4556_modular14_gun": 1,
        "mmg_tactical_pouch_alpine": 75,
        "mmg_chestrig_dark_woodland": 76,
        "mmg_single_magpouch_black": 1,
        "canvas_backpack_base": 1,
        "kitchenknife": 0,
        "mmg_supplybag_mulitcamblack_digital": 75,
        "mmg_tactical_pouch_ucp": 1,
        "mmg_ammo_pouch_multicam": 1,
        "snafut5000_dkmcc_gun": 1,
        "snafu_peq1_laser": 1,
        "expansionammorpg": 375,
        "mmg_headphones_ucp": 0,
        "mmg_carrier_backpack_dark_woodland": 75,
        "mackerel": 0,
        "mmg_striker_helmet_multicam": 75,
        "mmg_patch_rubber_poland": 0,
        "mkii": 0,
        "ammo_expansion_338": 0,
        "ammo_40mm_smoke_red": 0,
        "snafu_frf2_mag": 1,
        "snafu_m4300ac_14dv_gun": 1,
        "saltysticks": 0,
        "expansionmilkbottle": 0,
        "ttglock18c": 0,
        "mmg_mk_v_armor_black": 71,
        "gcgn_ammo_408chey": 1,
        "mmg_med_pouch_ucp": 1,
        "tt57tan": 0,
        "snafu_mtango6t_wood": 1,
        "mmg_boots_tan": 1,
        "snafu_ammo_46x30": 1,
        "expansion_ammobox_8mm_15rnd": 0,
        "mmg_carrier_backpack_multicamblack": 1,
        "m4_cqbbttstck": 0,
        "mmg_patch_rubber_usa": 0,
        "ruger1022": 0,
        "mosin_bayonet": 0,
        "mmg_double_magpouch_alpine": 1,
        "mmg_patch_rubber_511": 0,
        "gcgn_vityaz": 1,
        "mmg_tactical_helmet_ucp": 76,
        "snafu_md_ammo_556x45mm_m855a1": 1,
        "snafu_pmag556_od": 1,
        "agaricusmushroom": 0,
        "porkcan": 0,
        "mmg_mmps_bag_alpine": 0,
        "ttp90mag": 0,
        "pajka": 0,
        "mmg_holster_multicam": 1,
        "starlightoptic": 0,
        "m4_6933_gun": 1,
        "snafu_cmag60300_black": 1,
        "mmg_triple_magpouch_ucp": 0,
        "ttrpdmag": 0,
        "puscopeoptic": 0,
        "sheepsteakmeat": 0,
        "snafu_saint_gun": 1,
        "snafu_m200s_blk": 0,
        "mmg_tactical_pouch_black": 1,
        "mmg_mag_pouch_multicam_tropic": 1,
        "m4a1": 0,
        "tt870": 0,
        "snafum98b_wood_gun": 1,
        "mmg_gp_nvg_green": 1,
        "pleurotusmushroom": 0,
        "mmg_mk5_utility_pouch_ucp": 0,
        "snafualligator_5rdmag": 1,
        "snafusrsa2_10rdmag": 1,
        "mmg_mmps_bag_atacs_black": 0,
        "crossbow_summer": 0,
        "mag_pp19_64rnd": 0,
        "snafu_m1918a2": 1,
        "mmg_tt_vest_police": 75,
        "cz75": 0,
        "snafu_pkp_nblack_gun": 1,
        "jpcmed_pouch_erdl": 75,
        "mmg_tactical_gloves_black": 0,
        "ttr700mag": 0,
        "snafu_meotech_exps3": 1,
        "mmg_striker_helmet_black": 70,
        "snafu_hgmlok": 1,
        "snafuswm629": 1,
        "mmg_patch_rubber_switzerland": 0,
        "ammo_flaregreen": 0,
        "snafugevar_suppressor_tan": 1,
        "mmg_tactical_helmet_multicamblack": 74,
        "snafuuzi_72rdmag": 1,
        "mmg_tactical_gloves_multicam": 1,
        "mag_expansion_taser": 0,
        "mmg_supplybag_multicam": 75,
        "snafu_m300green": 1,
        "ammo_expansion_m203_smoke_yellow": 375,
        "gcgn_m700_mag": 1,
        "snafu_m300bk": 1,
        "mmg_mk5_grenade_pouch_erdl": 1,
        "mmg_tactical_helmet_police": 75,
        "ammobox_9x39_20rnd": 0,
        "mag_fnx45_15rnd": 0,
        "ammo_40mm_explosive": 0,
        "reflexoptic": 0,
        "ammo_22": 0,
        "huntingoptic": 0,
        "snafu_cmag30300_black": 1,
        "snafu_pmag556_tan": 1,
        "mmg_carrier_backpack_alpine": 75,
        "mmg_tactical_pants_tan": 0,
        "mmg_boots_multicamblack_digital": 1,
        "snafu_elcan": 1,
        "snafu_moe_stock": 1,
        "mmg_tactical_shirt_alpine": 75,
        "mmg_headphones_tan": 1,
        "mmg_bottle_black": 0,
        "mmg_striker_helmet_alpine": 73,
        "ak_woodhndgrd": 0,
        "snafum1a_tan": 1,
        "mmg_supplybag_black": 73,
        "snafugevar_tan": 1,
        "snafu_pistolgripcolta2": 1,
        "snafu_muzzelff": 1,
        "mmg_double_magpouch_multicam": 1,
        "mag_cz75_15rnd": 0,
        "gcgn_vityaz_30rnd": 0,
        "nvgoggles": 1,
        "ia2_gun": 1,
        "ttm9_gold": 0,
        "nvgheadstrap": 1,
        "snafumk12_20rdmag": 1,
        "snafu_mtango6t_tan": 1,
        "mmg_tactical_pouch_dark_woodland": 0,
        "snafu_mwalther": 1,
        "mmg_carbine_blue": 1,
        "mmg_tac_goggles_red_green": 1,
        "snafuppskn_30rdmag": 1,
        "snafu_rpk16_tan_mag": 1,
        "sn_glock19": 1,
        "mosin9130": 0,
        "jpcmed_pouch_alpine": 75,
        "snafu_ak19": 1,
        "mmg_tactical_helmet_alpine": 76,
        "mmg_patch_rubber_pilot": 0,
        "mmg_armored_helmet_green": 78,
        "snafu_aek545_gun": 1,
        "mmg_mmps_bag_atacs_erdl": 0,
        "greenbellpepper": 0,
        "sn_m9_mag": 1,
        "snafu_aktrijicon_docter": 1,
        "mmg_tactical_pouch_multicamblack": 1,
        "mmg_mk_iii_armor_tan": 75,
        "snafu_pdw_9mm_mag": 1,
        "mmg_patch_rubber_slovakia": 0,
        "ammobox_357_20rnd": 0,
        "expansion_ammo_8mm": 0,
        "gcgn_m110_mag": 1,
        "mmg_mk5_utility_pouch_dark_woodland": 0,
        "mmg_patch_rubber_bulgaria": 0,
        "mmg_jpc_vest_multicamblack": 75,
        "gcgn_m1garand_bayonet": 1,
        "ammo_expansion_m203_smoke_teargas": 375,
        "snafursass_od_gun": 1,
        "mmg_tactical_shirt_black": 75,
        "ammo_545x39": 1,
        "mmg_supplybag_tan": 76,
        "snafu_rpk16_green": 1,
        "izh18": 0,
        "m9a1_bayonet": 0,
        "colt1911": 0,
        "mmg_carbine_black": 1,
        "mmg_balaclava_multicamblack_digital": 75,
        "mmg_operatorshirt_dark_woodland": 74,
        "mmg_jpc_vest_olive": 0,
        "mmg_mk5_utility_pouch_multicamblack": 1,
        "snafukivaari_snow_gun": 1,
        "mag_expansion_awm_5rnd": 0,
        "gcgn_m1garand": 1,
        "mmg_operatorshirt_ucp": 76,
        "ammo_408chey": 1,
        "m4_t3nrdsoptic": 0,
        "sr3_vikhr_supp": 1,
        "snafu_afg_02_black": 1,
        "snafu_hgmlok_tan": 1,
        "mmg_tt_vest_mutlicam": 75,
        "mmg_triple_magpouch_tan": 1,
        "gcgn_m4a1": 1,
        "ammo_flare": 0,
        "mmg_ammo_pouch_dark_woodland": 0,
        "mmg_tactical_gloves_green": 1,
        "mmg_operatorshirt_multicamblack": 73,
        "snafu_sadar_stock": 1,
        "snafu_scarh_25rnd_mag_od": 1,
        "snafuvector_9mm_mag": 1,
        "mmg_mag_pouch_multicam_black": 75,
        "snafu_m200s_snow": 1,
        "ammobox_45acp_25rnd": 0,
        "brisketspread": 0,
        "mmg_balaclava_erdl": 75,
        "snafurpd_100rdmag": 1,
        "snafu_leupold_mark8": 1,
        "mmg_med_pouch_dark_woodland": 0,
        "vr80_magazine_5rd": 1,
        "crossbow_wood": 0,
        "mmg_boonie_green": 75,
        "snafum98b_mag": 1,
        "mmg_tt_vest_multicam_tropic": 75,
        "ammo_545x39tracer": 375,
        "snafu_sr25_mag": 1,
        "mmg_ammo_pouch_multicamblack": 1,
        "snafufamas": 1,
        "ammo_expansion_m203_smoke_purple": 375,
        "snafu_atlasbipod": 1,
        "expansionhamroptic": 0,
        "expansion_m9": 0,
        "mmg_tt_vest_dark_woodland": 75,
        "mmg_triple_magpouch_multicam_tropic": 1,
        "waterbottle": 0,
        "mmg_mmps_bag_dark_woodland": 0,
        "mmg_holster_dark_woodland": 1,
        "mmg_med_pouch_multicamblack": 1,
        "mmg_balaclava_multicam": 75,
        "snafu_nightforce": 1,
        "bakedbeanscan": 0,
        "sr3_vikhr_mag": 1,
        "mmg_balaclava_black": 69,
        "mmg_patch_rubber_norway": 0,
        "mmg_double_magpouch_green": 1,
        "snafu_fgkac_grip": 1,
        "acogoptic_6x": 0,
        "snafu_aimpoint_aco": 1,
        "mmg_tt_vest_multicamblack": 77,
        "mmg_tactical_gloves_tan": 1,
        "mmg_patch_rubber_cherno_special": 0,
        "snafu_mosin_mount_base": 1,
        "mmg_double_magpouch_tan": 75,
        "mmg_falcon_b1_belt_dark_woodland": 76,
        "snafuax50_gun": 1,
        "mmg_tactical_gloves_erdl": 1,
        "mmg_ballistic_earcover_alpine": 75,
        "snafu_tango6t_snow": 1,
        "mmg_operatorshirt_green": 75,
        "mag_clip762x39_10rnd": 0,
        "snafu_pmag556_grey": 1,
        "ammobox_00buck_10rnd": 0,
        "sn_mp443_mag": 1,
        "snafu_tacgripcolta2_tan": 1,
        "snafu_m4ss_stock": 1,
        "snafu_rpk16_green_mag": 1,
        "ammo_expansion_m203_smoke_green": 375,
        "mmg_combatpants_black": 0,
        "spaghettican": 0,
        "mmg_falcon_b1_belt_multicamblack": 71,
        "mmg_tactical_shirt_ucp": 77,
        "snafu_mcmr07": 1,
        "snafu_mcmr08": 1,
        "snafu_mcmr09": 1,
        "aa12_mag": 1,
        "fal_foldingbttstck": 0,
        "mmg_patch_rubber_bushcraft": 0,
        "ammo_556x45tracer": 1,
        "mmg_sheath_dark_woodland": 1,
        "snafu_awm_gun": 1,
        "snafu_mar10_15rnd_mag": 1,
        "mmg_mk5_grenade_pouch_green": 0,
        "mmg_tt_vest_green": 76,
        "ammo_expansion_m203_sticky_smoke_green": 375,
        "mmg_striker_helmet_dark_woodland": 75,
        "ammo_357": 0,
        "sks_bayonet": 0,
        "snafu_scarh_black_gun": 1,
        "mmg_triple_magpouch_erdl": 1,
        "snafum98b_digi_gun": 1,
        "esp_m110": 0,
        "mk18_gun": 1,
        "izh43shotgun": 0,
        "snafu_mcmr10": 1,
        "snafu_tacgripcolta2_od": 1,
        "mmg_mmps_bag_black": 0,
        "snafu_mcmr13": 1,
        "derringer_grey": 0,
        "snafu_mcmr15": 1,
        "snafu_lvoa556_gun": 1,
        "snafu_lvoahg": 1,
        "mmg_balaclava_ucp": 75,
        "mmg_sheath_multicamblack": 1,
        "sa58_stock": 1,
        "ttr700": 0,
        "snafumpx_grip": 1,
        "snafu_mhuntingoptic": 1,
        "snafu_m4556_modular16_gun": 1,
        "universallight": 1,
        "snafurpd": 1,
        "mmg_double_magpouch_multicam_tropic": 1,
        "mmg_facemask_multicam": 75,
        "sks": 0,
        "snafuppsh": 1,
        "mag_ak74_30rnd": 0,
        "snafu_walther": 1,
        "mmg_striker_helmet_rusty": 1,
        "ammo_expansion_m203_sticky_smoke_red": 375,
        "mmg_camelback_ucp": 75,
        "sg550_mag": 1,
        "mmg_mk5_utility_pouch_green": 0,
        "mmg_headphones_alpine": 75,
        "mmg_sheath_ucp": 1,
        "mmg_camelback_alpine": 75,
        "mmg_triple_magpouch_alpine": 0,
        "snafutac21": 1,
        "snafu_ammo_300acc": 1,
        "snafu_mp9_30rnd_mag": 1,
        "snafukivaari_black_gun": 1,
        "mmg_patch_rubber_france": 0,
        "mmg_mk_iii_armor_erdl": 76,
        "snafu_cmag30556_tan": 1,
        "ammo_expansion_m203_sticky_smoke_yellow": 375,
        "mmg_gp_nvg_black": 1,
        "sambucusberry": 0,
        "mmg_tt_vest_multicam": 1,
        "cz61": 0,
        "mag_expansion_mpx_50rnd": 0,
        "mmg_patch_rubber_eod": 0,
        "mmg_mag_pouch_tan": 1,
        "mmg_boots_multicam": 0,
        "snafu_tp82s": 1,
        "snafuaps_20rdmag": 0,
        "mmg_med_pouch_alpine": 1,
        "boarsteakmeat": 0,
        "snafu_ubr_stock": 1,
        "mag_cz527_5rnd": 0,
        "mag_cz550_10rnd": 0,
        "m4_carryhandleoptic": 0,
        "mmg_boots_alpine": 17,
        "mmg_facemask_ucp": 75,
        "snafu_ammo_127x55mm": 1,
        "slicedpumpkin": 0,
        "ammo_380": 375,
        "snafu_ak_ar_stock": 1,
        "gcgn_m700": 1,
        "mmg_combatpants_ucp": 75,
        "snafu_bmag300_tan": 1,
        "snafu_hleupold_mark8": 1,
        "stunbaton": 0,
        "aks74u_bttstck": 0,
        "m4_oebttstck": 0,
        "mmg_balaclava_dark_woodland": 75,
        "ghillieatt_mossy": 0,
        "zagorkypeanuts": 0,
        "snafuar15_spr_40rnd_mag": 1,
        "snafu_ar15_modular16_gun": 1,
        "snafuar15_spr_tan_gun": 1,
        "snafu_ar15sprtan": 1,
        "sg550_gun": 1,
        "tacticalbaconcan": 0,
        "snafumarlin1895": 1,
        "sa58_30rnd_wbk": 1,
        "pate": 0,
        "mmg_assault_pack_black": 75,
        "snafu_normalized_suppressor_green": 1,
        "mag_aug_30rnd": 0,
        "mmg_single_magpouch_multicamblack_digital": 75,
        "mmg_boonie_tan": 75,
        "sa58_fgrip": 1,
        "mmg_bottle_dark_woodland": 77,
        "ttagram": 0,
        "ttl35mag": 0,
        "battery9v": 1,
        "mmg_combatshirt_multicam": 75,
        "mmg_falcon_b1_belt_ucp": 76,
        "mmg_boots_dark_woodland": 74,
        "apple": 0,
        "mmg_camelback_dark_woodland": 74,
        "snafuax50_mag": 1,
        "mag_cmag_20rnd": 0,
        "snafu_prsgen3_stock": 1,
        "mmg_facemask_dark_woodland": 75,
        "snafup90": 1,
        "snafu_aktango6t_tan": 1,
        "mackerelfilletmeat": 0,
        "pp19_bttstck": 0,
        "ammo_40mm_smoke_black": 0,
        "snafu_ammo_762x25": 1,
        "gcgn_m249": 1,
        "snafu_m4300ac_14_gun": 1,
        "mmg_bottle_multicamblack": 78,
        "m4_plastichndgrd": 0,
        "mmg_jpc_vest_tan": 75,
        "scout": 0,
        "mmg_bottle_olive": 2,
        "mmg_boots_multicamblack": 0,
        "mmg_mmps_bag_multicam": 0,
        "expansion_awm": 0,
        "mag_stanagcoupled_30rnd": 0,
        "ammobox_380_35rnd": 0,
        "snafu_scarh_100rnd_mag_black": 1,
        "mmg_double_magpouch_black": 75,
        "mmg_headphones_green": 1,
        "snafusa80": 1,
        "mmg_mk_iii_armor_black": 75,
        "mmg_holster_multicam_tropic": 0,
        "gcgn_m84_optic": 1,
        "mmg_falcon_b1_belt_multicam": 75,
        "mmg_boonie_multicam_tropic": 76,
        "mmg_boots_ucp": 75,
        "expansioncheese4": 0,
        "mmg_tactical_helmet_tan": 76,
        "mmg_tactical_shirt_erdl": 75,
        "ammo_9x19": 1,
        "snafuhoneybadger_30rdmag_black": 1,
        "mag_ak74_45rnd": 0,
        "mmg_striker_helmet_erdl": 1,
        "esp_g36c": 0,
        "canvas_backpack_blue": 0,
        "snafuar15_spr_black_gun": 1,
        "acogoptic": 0,
        "snafu_mar10_black_gun": 1,
        "snafu_mtango6t_black": 1,
        "snafu_cmag60556_tan": 1,
        "snafu_ak_hg": 1,
        "snafuscar_afg_tan": 1,
        "mmg_facemask_tan": 75,
        "pear": 0,
        "canteen": 0,
        "fnx45": 0,
        "snafum96": 1,
        "snafu_trenchgun": 1,
        "mmg_combatshirt_police": 75,
        "ttp90_tan": 0,
        "snafu_m300mag": 1,
        "mag_expansion_m14_10rnd": 0,
        "snafu_akhuntingoptic": 1,
        "mmg_tactical_shirt_dark_wl": 0,
        "gcgn_ammo_50cal": 1,
        "winchester70": 0,
        "mmg_mk5_utility_pouch_tan": 0,
        "mag_scout_5rnd": 0,
        "snafu_agram_gun": 1,
        "steakknife": 0,
        "mmg_triple_magpouch_multicamblack": 1,
        "ammobox_762x39_20rnd": 0,
        "snafum96_5rdmag": 1,
        "expansion_m16": 0,
        "mmg_patch_rubber_punisher": 0,
        "kazuaroptic": 0,
        "snafu_fort12_gun": 1,
        "mmg_striker_helmet_multicam_tropic": 73,
        "snafu_mpx_suppressor_black": 1,
        "canvas_backpack_black": 0,
        "snafu_hhuntingoptic": 1,
        "ttl35": 0,
        "ammobox_308win_20rnd": 0,
        "snafuaug_bk": 1,
        "ammo_expansion_m203_sticky_smoke_white": 375,
        "mmg_balaclava_multicam_tropic": 73,
        "mmg_mk_v_armor_erdl": 75,
        "snafu_m249bipod": 1,
        "mmg_boots_black": 0,
        "mmg_patch_rubber_medic": 0,
        "snafu_mtrijicon": 1,
        "snafu_aktrijicon": 1,
        "mmg_triple_magpouch_black": 0,
        "sa58_drummag": 1,
        "mmg_mag_pouch_alpine": 1,
        "ump45": 0,
        "mmg_patch_rubber_livonia_special": 0,
        "snafum98b_mc_gun": 1,
        "mmg_carrier_backpack_multicam": 75,
        "mmg_single_magpouch_multicam": 75,
        "snafu_as50_mag": 1,
        "snafu_aktango6t_wood": 1,
        "sn_usp_mag": 1,
        "mmg_single_magpouch_alpine": 75,
        "plum": 0,
        "rabbitlegmeat": 0,
        "ttmakarov": 0,
        "expansion_crossbow": 0,
        "ammo_expansion_m203_smoke_red": 375,
        "snafu_mpx_30rnd_mag": 1,
        "gcgn_m1garand_supp": 1,
        "snafu_htrijicon": 1,
        "snafu_mk7": 1,
        "scout_livonia": 0,
        "gcgn_m82_barret": 1,
        "mag_308winsnaploader_2rnd": 0,
        "snafu_mkahles": 1,
        "snafuuniversallight": 1,
        "aek": 0,
        "snafu_m200snow": 1,
        "mmg_carrier_backpack_black": 74,
        "sn_auto_shotgun": 1,
        "mag_akm_palm30rnd": 0,
        "mmg_tactical_pouch_multicamblack_digital": 1,
        "ttak458_gold": 0,
        "snafu_htrijicon_docter": 1,
        "nailedbaseballbat": 0,
        "snafu_aktango6t_black": 1,
        "ttak458poli": 0,
        "mmg_patch_rubber_south_africa": 0,
        "mmg_ballistic_earcover_multicamblack": 75,
        "snafu_scarh_sil_tan": 1,
        "snafu_ammo_338": 1,
        "ammobox_545x39_20rnd": 0,
        "snafu_u100_mag": 1,
        "expansionkar98scopeoptic": 0,
        "snafu_cali_gun": 1,
        "snafu_scarh_od_gun": 1,
        "mmg_mag_pouch_erdl": 75,
        "cz550": 0,
        "snafu_trijicon": 1,
        "snafutar21_green": 1,
        "snafu_scarh_sil_black": 1,
        "snafu_m300tan": 1,
        "snafu_ak12_mag": 1,
        "spas12_gun": 1,
        "saiga_bttstck": 0,
        "snafu_bmag556_black": 1,
        "snafu_frf2": 1,
        "mmg_tac_goggles_red_black": 1,
        "ak101": 0,
        "expansion_m1a": 0,
        "ttp38": 0,
        "snafu_scarh_snow_gun": 1,
        "snafu_pkpbipod": 1,
        "snafu_akeotech_exps3": 1,
        "mmg_mk_iii_armor_ucp": 75,
        "snafu_heotech_exps3": 1,
        "mag_cmag_30rnd": 0,
        "snafu_pdw_45acp_mag": 1,
        "mmg_armored_helmet_black": 75,
        "mmg_carbine_orange": 75,
        "snafu_maimpoint_aco": 1,
        "buisoptic": 0,
        "snafu_lnormalized_suppressor_green": 1,
        "snafu_trijicon_docter": 1,
        "ttscarl": 0,
        "mmg_balaclava_multicamblack": 75,
        "snafuar15_spr_sil": 1,
        "mmg_patch_rubber_rangers": 0,
        "mmg_tt_vest_black": 73,
        "snafuaug": 1,
        "snafu_eotech_exps3": 1,
        "mmg_jpc_vest_ucp": 75,
        "snafu_docter": 1,
        "snafu_mtango6t_snow": 1,
        "snafursass_dkmc_gun": 1,
        "snafu_hnightforce": 1,
        "dtt57blk": 0,
        "snafu_standardized_suppressor_green": 1,
        "snafu_ak103_mag": 1,
        "ttmauser1914": 0,
        "mmg_jpc_vest_alpine": 1,
        "marmalade": 0,
        "mmg_patch_rubber_mex": 0,
        "sn_springfield_mag": 1,
        "mmg_chestrig_alpine": 75,
        "ammo_expansion_m203_he": 375,
        "mmg_boonie_multicam": 75,
        "snafu_m200green": 1,
        "snafu_maimpoint_m5": 1,
        "mmg_mk_v_armor_multicam_tropic": 75,
        "carp": 0,
        "ammo_expansion_m203_sticky_smoke_teargas": 1,
        "mmg_tactical_gloves_multicamblack_digital": 1,
        "sodacan_fronta": 0,
        "snafuhoneybadger_black": 1,
        "mmg_falcon_b1_belt_black": 0,
        "gcgn_hk416_mag": 1,
        "lactariusmushroom": 0,
        "mmg_facemask_multicamblack_digital": 75,
        "ammo_762x54tracer": 375,
        "mmg_mk_v_armor_ucp": 75,
        "mp133shotgun": 0,
        "mmg_med_pouch_multicam_tropic": 0,
        "mmg_combatpants_alpine": 74,
        "ammo_308win": 1,
        "pso11optic": 0,
        "mmg_ammo_pouch_alpine": 1,
        "engraved1911": 0,
        "snafu_m1918a2_mag": 1,
        "mag_expansion_m14_20rnd": 0,
        "esp_m14_black": 0,
        "mmg_combatpants_multicam_tropic": 72,
        "ammo_40mm_chemgas": 0,
        "snafusten": 1,
        "mag_expansion_vityaz_30rnd": 0,
        "mmg_boonie_black": 0,
        "snafuhoneybadger_30rdmag_tan": 1,
        "mmg_patch_rubber_bushcraft1": 0,
        "mmg_jpc_vest_dark_woodland": 76,
        "snafum24_mag": 1,
        "snafu_pkp_250rnd_mag": 1,
        "mmg_mmps_bag_erdl": 0,
        "snafu_bipod": 0,
        "peachescan": 0,
        "snafu_akkahles": 1,
        "tec9_gun": 1,
        "mmg_falcon_b1_belt_multicam_tropic": 74,
        "mmg_carrier_backpack_erdl": 74,
        "sardinescan": 0,
        "snafuthompsonmk2": 1,
        "snafumk12": 1,
        "expansionexps3holooptic": 0,
        "snafumagnum500": 1,
        "mmg_facemask_green": 75,
        "mag_p1_8rnd": 0,
        "mp5_plastichndgrd": 0,
        "snafu_akwalther": 1,
        "mmg_boonie_alpine": 75,
        "ttm9": 0,
        "mmg_carrier_backpack_multicamblack_digital": 75,
        "mmg_mk_iii_armor_alpine": 2,
        "mmg_patch_rubber_dayz": 0,
        "snhk417_mag": 1,
        "snafuar15_afg": 1,
        "snafuar15_spr_100rnd_mag": 1,
        "sodacan_cola": 0,
        "b95": 0,
        "mace": 0,
        "mmg_single_magpouch_erdl": 75,
        "ammo_40mm_smoke_white": 0,
        "snafukh9_30rdmag": 1,
        "mmg_mk5_grenade_pouch_ucp": 0,
        "mmg_bottle_erdl": 1,
        "crossbow_black": 0,
        "gcgn_ammo_762x51": 1,
        "mmg_operatorshirt_black": 64,
        "ammobox_556x45tracer_20rnd": 0,
        "mmg_carbine_grey": 0,
        "mmg_tactical_helmet_green": 75,
        "mmg_mag_pouch_olive": 1,
        "ak_foldingbttstck": 0,
        "mmg_camelback_multicam": 76,
        "ttsok94": 0,
        "mmg_mmps_bag_multicam_tropic": 0,
        "snafu_cmag60556_black": 1,
        "rice": 0,
        "mmg_mk5_grenade_pouch_alpine": 0,
        "ammo_12gapellets": 1,
        "snafuvector_9mm_gun": 1,
        "ammo_762x39": 1,
        "snafu_fgcr_grip": 1,
        "mmg_jpc_vest_erdl": 75,
        "mag_stanag_60rnd": 0,
        "mmg_tt_vest_tan": 75,
        "mmg_combatshirt_multicam_tropic": 74,
        "mmg_tactical_pants_ucp": 0,
        "ammo_expansion_m203_smoke_white": 375,
        "mag_expansion_kedr_20rnd": 0,
        "mmg_holster_ucp": 1,
        "orientalmachete": 0,
        "mmg_tactical_pouch_tan": 1,
        "snafu_akelcan": 1,
        "mmg_mk5_grenade_pouch_black": 0,
        "snafu_sr25_gun": 1,
        "snafuscar_afg_bk": 1,
        "mmg_patch_rubber_greece": 0,
        "mmg_boonie_multicamblack": 76,
        "mmg_balaclava_tan": 75,
        "mmg_assault_pack_alpine": 75,
        "mag_vss_10rnd": 0,
        "mmg_mag_pouch_multicam": 1,
        "mmg_mmps_bag_atacs_multicam": 0,
        "snafuppskn": 1,
        "goatsteakmeat": 0,
        "snafuash12_20rdmag": 1,
        "mag_cz61_20rnd": 0,
        "snafu_m4556_modular10_gun": 0,
        "mmg_supplybag_dark_woodland": 74,
        "snafuash12": 1,
        "mmg_falcon_b1_belt_multicamblack_digital": 1,
        "snafu_adar_modular16_gun": 1,
        "mmg_assault_pack_multicam_tropic": 75,
        "mag_cmag_40rnd": 0,
        "mag_akm_drum75rnd": 0,
        "mmg_tt_vest_erdl": 76,
        "deagle": 0,
        "ak_woodbttstck": 0,
        "sodacan_spite": 0,
        "mmg_camelback_tan": 75,
        "snafuvector_45acp_mag": 1,
        "mmg_assault_pack_tan": 76,
        "snafusr3_vikhr": 1,
        "mp5k_stockbttstck": 0,
        "snafu_m249stock": 1,
        "mmg_mk_iii_armor_multicam_tropic": 75,
        "mag_stanag_30rnd": 0,
        "sardines": 0,
        "canvas_backpack_white": 0,
        "snafu_cmag30556_black": 1,
        "ammobox_9x39ap_20rnd": 0,
        "mmg_mk5_utility_pouch_black": 0,
        "gcgn_m200_tan": 1,
        "mag_clip762x54_5rnd": 0,
        "snafusrsa2": 1,
        "snafu_m14_mag": 1,
        "mmg_mmps_bag_atacs_ucp": 0,
        "unknownfoodcan": 0,
        "mmg_combatshirt_black": 0,
        "mmg_patch_rubber_netherlands": 0,
        "mmg_patch_rubber_germany": 0,
        "expansionbread1": 0,
        "snafut5000_snow_gun": 1,
        "snafu_m14": 1,
        "snafugevar_suppressor_green": 1,
        "mmg_tactical_gloves_multicam_tropic": 73,
        "expansion_ammo_taser": 0,
        "gcgn_m110_tan": 1,
        "mmg_single_magpouch_tan": 75,
        "expansionammolaw": 375,
        "mmg_balaclava_alpine": 74,
        "mmg_bottle_ucp": 79,
        "fangeknife": 0,
        "mag_akm_30rnd": 0,
        "mmg_patch_rubber_austria": 0,
        "mmg_combatpants_tan": 76,
        "ak74": 0,
        "mmg_assault_pack_erdl": 76,
        "snafuar15_spr_sqsil": 1,
        "ammobox_762x54tracer_20rnd": 0,
        "mmg_mag_pouch_black": 1,
        "snafu_scarh_tan_gun": 1,
        "snafutar21_tan": 1,
        "mmg_mag_pouch_dark_woodland": 1,
        "snafu_hggs": 1,
        "tlrlight": 1,
        "mmg_facemask_multicamblack": 75,
        "snafu_lstandardized_suppressor_black": 1,
        "snafukivaari_338_supp": 1,
        "snafum98b_atac_gun": 1,
        "snafu_kahles": 1,
        "mmg_mk5_grenade_pouch_dark_woodland": 0,
        "snafudvl10m2_5rdmag": 1,
        "mmg_boots_olive": 1,
        "ammobox_9x19_25rnd": 0,
        "makarovij70": 0,
        "snafu_cmag30300_tan": 1,
        "zucchini": 0,
        "sn_m9": 1,
        "ammo_flarered": 0,
        "mmg_boots_erdl": 0,
        "ttbar": 0,
        "snafu_scarh_dkmc_gun": 1,
        "snafu_pmag556_black": 1,
        "expansion_mpx": 0,
        "tt57mag": 0,
        "snafu_normalized_suppressor_black": 1,
        "mag_val_20rnd": 0,
        "snafum98b_ger_gun": 1,
        "mmg_holster_multicamblack": 75,
        "snafu_ammo_45_70mm": 1,
        "expansion_kar98_bayonet": 0,
        "mmg_nbc_pouch": 1,
        "ammo_huntingbolt": 0,
        "mmg_patch_rubber_ukraine": 0,
        "sn_mp443": 1,
        "mmg_mmps_bag_atacs_multicamblack": 0,
        "mmg_jpc_vest_black": 71,
        "ots71": 0,
        "snafu_scarh_25rnd_mag_tan": 1,
        "mag_expansion_m9_15rnd": 0,
        "snafu_spmod": 1,
        "mosin_compensator": 0,
        "gcgn_m110_green": 1,
        "m4_mpbttstck": 0,
        "mag_saiga_drum20rnd": 0,
        "longhorn": 0,
        "ammobox_556x45_20rnd": 0,
        "mmg_carrier_backpack_olive": 75,
        "kobraoptic": 0,
        "snafu_melcan": 1,
        "snafu_ak12a": 1,
        "snafu_mk9": 1,
        "mmg_sheath_olive": 1,
        "mmg_tactical_helmet_multicamblack_digital": 1,
        "mp5_railhndgrd": 0,
        "mmg_mk5_utility_pouch_alpine": 0,
        "snafu_m48": 1,
        "cleaver": 0,
        "mmg_falcon_b1_belt_erdl": 73,
        "mmg_boonie_erdl": 75,
        "snafuaug_30rdmag": 1,
        "mmg_operatorshirt_erdl": 76,
        "mmg_combatshirt_erdl": 76,
        "tt_derringer": 0,
        "mmg_patch_rubber_por": 0,
        "gcgn_mp7": 1,
        "mmg_headphones_black": 1,
        "mmg_camelback_multicamblack": 74,
        "mmg_patch_rubber_police": 0,
        "mmg_armored_helmet_visor_green": 75,
        "mmg_holster_green": 75,
        "snafu_scarh_100rnd_mag_tan": 1,
        "mmg_camelback_green": 75,
        "gcgn_ammo_3006": 1,
        "mmg_camelback_multicam_tropic": 75,
        "snafu_kobra": 1,
        "mmg_tactical_pants_green": 0,
        "mmg_ballistic_earcover_erdl": 75,
        "mmg_sheath_multicam": 75,
        "snafu_m249grip": 1,
        "mmg_tactical_gloves_alpine": 13,
        "chips": 0,
        "snafu_akaimpoint_m5": 1,
        "pistoloptic": 0,
        "mmg_supplybag_erdl": 75,
        "machete": 0,
        "ssg82": 0,
        "snafualligator": 1,
        "mmg_tactical_pants_multicam": 0,
        "snafum1a_black": 1,
        "broom": 0,
        "huntingknife": 0,
        "ttscarl_tan": 0,
        "mmg_tac_goggles_red_tan": 1,
        "mag_famas_25rnd": 0,
        "snafursass_mag": 1,
        "mmg_tactical_shirt_dark_woodland": 75,
        "ammo_12garubberslug": 0,
        "mmg_carrier_backpack_ucp": 75,
        "snafuaps": 1,
        "snafursass_wood_gun": 1,
        "snafu_scqr_stock": 1,
        "snafu_sks": 1,
        "potato": 0,
        "scar_gun": 1,
        "mmg_striker_helmet_green": 0,
        "mag_glock_15rnd": 0,
        "saiga": 0,
        "snafukivaari_grey_gun": 1,
        "mag_ruger1022_15rnd": 0,
        "mmg_tactical_shirt_tan": 75,
        "ammo_flareblue": 0,
        "flaregun": 75,
        "m68optic": 0,
        "expansion_benellim4": 0,
        "snafu_50bmg_suppressor_b": 1,
        "mmg_tactical_shirt_multicamblack": 75,
        "snafu_haimpoint_m5": 1,
        "mmg_facemask_multicam_tropic": 75,
        "mmg_patch_rubber_finland": 0,
        "snafu_m200b_bk": 1,
        "crackers": 0,
        "snafu_cmag60300_tan": 1,
        "snafum98b_snow_gun": 1,
        "mmg_tactical_shirt_multicam": 75,
        "pipe": 0,
        "mmg_falcon_b1_belt_olive": 0,
        "snafu_modbipod": 1,
        "snafukivaari_10rdmag": 1,
        "mmg_mmps_bag_ucp": 0,
        "mmg_striker_helmet_ucp": 75,
        "snafu_m76": 1,
        "mmg_mmps_bag_atacs_multicam_tropic": 0,
        "snafugevar_green": 1,
        "snafu_ironmodoptic": 1,
        "expansioncheese1": 0,
        "m16a2": 0,
        "boxcerealcrunchin": 0,
        "sn_m870": 1,
        "mmg_operatorshirt_multicam": 76,
        "mmg_mk5_grenade_pouch_multicam_tropic": 0,
        "crudemachete": 0,
        "snafuuzi_32rdmag": 1,
        "mmg_mk_iii_armor_multicam": 76,
        "jmc_prototype_mag": 0,
        "ammo_762x39tracer": 375,
        "deagle_gold": 0,
        "snafu_fort12_12rnd_mag": 1,
        "mmg_tactical_pants_atacs": 0,
        "brassknuckles_dull": 0,
        "mmg_med_pouch_erdl": 1,
        "mmg_tactical_gloves_ucp": 75,
        "snafusten_32rdmag": 1,
        "snafu_pl14hqp_mag": 1,
        "mmg_sheath_mcb_digital": 75,
        "snafu_saint556_gun": 1,
        "mmg_med_pouch_multicamblack_digital": 1,
        "boletusmushroom": 0,
        "ammobox_expansion_338_15rnd": 0,
        "carpfilletmeat": 0,
        "mmg_combatshirt_ucp": 75,
        "snafu_saint_mag": 1,
        "ammo_45acp": 1,
        "mmg_chestrig_erdl": 75,
        "esp_m110_tan": 0,
        "mp5k": 0,
        "mmg_combatpants_erdl": 0,
        "mag_cmag_10rnd": 0,
        "famas": 0,
        "psilocybemushroom": 0,
        "snafu_mnightforce": 1,
        "dogfoodcan": 0,
        "expansion_mp5sd": 0,
        "mmg_double_magpouch_multicamblack_digital": 75,
        "augshort": 0,
        "mmg_single_magpouch_green": 75,
        "ak_suppressor": 0,
        "snafu_aknightforce": 1,
        "mmg_chestrig_tan": 75,
        "mmg_facemask_alpine": 75,
        "potatoseed": 0,
        "mmg_operatorshirt_multicam_tropic": 75,
        "snafu_sks_30rnd_mag": 1,
        "zagorkychocolate": 0,
        "ak74_woodbttstck": 0,
        "esp_m110_green": 0,
        "mmg_double_magpouch_erdl": 1,
        "mmg_striker_helmet_multicamblack": 73,
        "snafutar21_black": 1,
        "gcgn_vepr_10rnd": 1,
        "mmg_mmps_bag_multicamblack": 0,
        "mmg_mk_v_armor_green": 75,
        "pso1optic": 0,
        "snafu_tango6t_black": 1,
        "bearsteakmeat": 0,
        "snafu_gigripcolta2": 1,
        "mag_1911_7rnd": 0,
        "ttar9": 0,
        "mmg_bottle_alpine": 3,
        "mmg_tt_vest_alpine": 75,
        "expansion_dt11": 0,
        "mmg_tactical_pants_alpine": 0,
        "mmg_triple_magpouch_dark_woodland": 0,
        "mmg_tt_vest_multicamblack_digital": 75,
        "macrolepiotamushroom": 0,
        "mmg_combatshirt_dark_woodland": 75,
        "snafu_cmag40556_tan": 1,
        "mmg_tactical_helmet_multicam_tropic": 73,
        "snafu_tacgripcolta2_grey": 1,
        "vr80_magazine_10rd": 1,
        "snafu_as50_gun": 1,
        "snhk417_gun": 1,
        "snafu_lnormalized_suppressor_black": 1,
        "mmg_patch_rubber_sweden": 0,
        "m4_mphndgrd": 0,
        "ammo_40mm_smoke_green": 0,
        "mmg_single_magpouch_multicamblack": 1,
        "snafu_standardized_suppressor_black": 1,
        "snafu_npkpbipod": 1,
        "mmg_ammo_pouch_black": 1,
        "vr80_gun": 1,
        "expansion_m14": 0,
        "snafu_cmag40300_black": 1,
        "snafu_408_suppressor_t": 1,
        "mmg_camelback_erdl": 75,
        "mmg_combatshirt_multicamblack": 75,
        "mag_saiga_5rnd": 0,
        "mmg_operatorshirt_alpine": 77,
        "combatknife": 0,
        "cz527": 0,
        "snafukivaari_25rdmag": 1,
        "expansion_ammo_arrowbolt": 0,
        "mmg_tactical_helmet_multicam": 1,
        "mmg_tactical_pouch_green": 75,
        "mag_svd_10rnd": 0,
        "baseballbat": 0,
        "mmg_patch_rubber_wales": 0,
        "mmg_mk_v_armor_tan": 75,
        "gcgn_m82_mag": 1,
        "barbedbaseballbat": 0,
        "ak_railhndgrd": 0,
        "crossbow_autumn": 0,
        "cowsteakmeat": 0,
        "powderedmilk": 0,
        "ammobox_expansion_46x30_25rnd": 0,
        "mmg_ballistic_earcover_tan": 75,
        "mmg_mmps_bag_atacs_green": 0,
        "tunacan": 0,
        "broom_birch": 0,
        "mmg_balaclava_olive": 74,
        "mmg_boonie_ucp": 75,
        "akm": 0,
        "mmg_mk_iii_armor_green": 75,
        "mmg_ammo_pouch_multicam_tropic": 0,
        "snafu_huntingoptic": 1,
        "mmg_chestrig_multicam_tropic": 75,
        "snafum1a_green": 1,
        "expansion_g36": 0,
        "ttrpd": 0,
        "ammo_9x39": 1,
        "mag_expansion_mp7_40rnd": 0,
        "auriculariamushroom": 0,
        "mmg_double_magpouch_ucp": 0,
        "snafu_sba_stock": 1,
        "snafu_scarh_25rnd_mag_snow": 1,
        "snafu_m4300ac_16_gun": 1,
        "zagorky": 0,
        "snafu_ak_mount_base": 1,
        "mag_mp5_30rnd": 0,
        "mmg_patch_rubber_sniper1": 0,
        "mmg_med_pouch_olive": 75,
        "izh18shotgun": 0,
        "snafu_akaimpoint_aco": 1,
        "expansiondeltapointoptic": 0,
        "snafu_afg_02_od": 1,
        "cattleprod": 0,
        "mmg_patch_rubber_austria1": 0,
        "snafum1a_20rdmag": 1,
        "fnp45_mrdsoptic": 0,
        "mag_clip9x19_10rnd": 0,
        "mmg_supplybag_multicamblack": 75,
        "deersteakmeat": 0,
        "gcgn_hk416": 1,
        "snafu_heramuzzelf": 1,
        "ammobox_762x39tracer_20rnd": 0,
        "scout_chernarus": 0,
        "snafu_aktango6t_snow": 1,
        "snafu_haimpoint_aco": 1,
        "mmg_tactical_helmet_erdl": 75,
        "mmg_chestrig_black": 75,
        "mmg_tactical_helmet_dark_woodland": 75,
        "snafu_rpk16_tan": 1,
        "kashtanoptic": 0,
        "snafutac21_5rdmag": 1,
        "mmg_mk_v_armor_dark_woodland": 75,
        "mmg_tactical_pants_multicam_tropic": 0,
        "mmg_supplybag_green": 2,
        "mmg_tactical_shirt_multicam_tropic": 76,
        "mag_ssg82_5rnd": 0,
        "pp19": 0,
        "snafu_mp9_gun": 1,
        "snafu_ak103a": 1,
        "snafugm6lynx": 1,
        "ammo_9x39ap": 375,
        "mmg_patch_rubber_driver": 0,
        "sn_usp": 1,
        "gcgn_mag_fal_50rnd": 1,
        "mmg_mmps_bag_tan": 0,
        "gcgn_vepr": 1,
        "mmg_facemask_erdl": 75,
        "mmg_patch_rubber_australia": 0,
        "snafukivaari_tan_gun": 1,
        "snafuchiapparhino": 1,
        "mmg_combatshirt_alpine": 74,
        "mmg_mk_v_armor_multicamblack": 75,
        "acr_gun": 1,
        "aks74u": 0,
        "mmg_supplybag_multicam_tropic": 76,
        "mmg_holster_tan": 1,
        "mmg_holster_alpine": 1,
        "snafu_m14optic": 1,
        "expansionbread3": 0,
        "snafut5000_mag": 1,
        "mmg_falcon_b1_belt_alpine": 0,
        "snafu_sks_bayonet": 1,
        "mmg_tactical_pants_dark_woodland": 0,
        "mmg_holster_erdl": 75,
        "mmg_assault_pack_olive": 75,
        "snafu_mtrijicon_docter": 1,
        "mmg_tactical_helmet_black": 0,
        "snafu_hg625": 1,
        "mmg_boonie_dark_woodland": 75,
        "expansion_pmii25optic": 0,
        "gcgn_m249_mag": 1,
        "mmg_ammo_pouch_ucp": 1,
        "mmg_patch_rubber_england": 0,
        "mmg_mk_v_armor_multicam": 75,
        "mag_ij70_8rnd": 0,
        "ak_plasticbttstck": 0,
        "snafum24_gun": 1,
        "mmg_tactical_shirt_green": 76,
        "snafu_helcan": 1,
        "mmg_mk5_grenade_pouch_multicamblack": 0,
        "mmg_double_magpouch_dark_woodland": 1,
        "ammobox_12garubberslug_10rnd": 0,
        "snafu_cmag40556_black": 1,
        "mmg_carbine_green": 1,
        "mmg_tactical_pants_multicamblack": 0,
        "sa58_30rnd_bk": 1,
        "mag_fal_20rnd": 0,
        "mmg_mk5_utility_pouch_erdl": 0,
        "sn_auto_shotgun_mag": 1,
        "snafu_m4300ac_10_gun": 1,
        "mmg_mk_iii_armor_multicamblack": 75,
        "aa12_gun": 1,
        "snafu_kac_gun": 1,
        "pistolsuppressor": 0,
        "snafu_akleupold_mark8": 1,
        "mmg_gp_nvg_grey": 0,
        "snafu_cz805_gun": 1,
        "ammobox_762x54_20rnd": 0,
        "snafuthompsonmk2_30rdmag": 1,
        "asval": 0,
        "gcgn_m1garand_flashhider": 1,
        "mmg_boots_green": 0,
        "mmg_double_magpouch_multicamblack": 1,
        "mmg_sheath_erdl": 1,
        "snafu_rpk16_black": 1,
        "brassknuckles_shiny": 0,
        "sa58_30rnd_dt": 1,
        "mmg_mmps_bag_atacs_tan": 0,
        "mmg_tactical_pouch_erdl": 1,
        "mmg_facemask_black": 0,
        "mmg_ammo_pouch_tan": 1,
        "snafu_agram_32rnd_mag": 1,
        "snafu_ammo_44": 1,
        "mmg_chestrig_multicam": 75,
        "snafukh9": 1,
        "mag_762x54snaploader_2rnd": 0,
        "snsa58_gun": 1,
        "expansionbread2": 0,
        "ttgarand": 0,
        "mmg_patch_rubber_denmark": 0,
        "mmg_bottle_tan": 76,
        "mag_mkii_10rnd": 0,
        "mmg_triple_magpouch_multicam": 0,
        "mmg_patch_rubber_mmg": 0,
        "ammobox_22_50rnd": 0,
        "mmg_combatpants_olive": 68,
        "mmg_tt_vest_ucp": 76,
        "snafu_awm_mag": 1,
        "snafuhoneybadger_tan": 1,
        "repeater": 0,
        "snafu_mleupold_mark8": 1,
        "mag_ump_25rnd": 0,
        "ghillieatt_tan": 0,
        "mmg_tactical_gloves_mutlicam": 1,
        "gcgn_m200_mag": 1,
        "snafu_ammo_5_7x28mm": 1,
        "jmc_snowowl_mag": 0,
        "magnum": 0,
        "chickenbreastmeat": 0,
        "mmg_carbine_red": 1,
        "ttp90": 0,
        "mmg_patch_rubber_uk": 0,
        "expansion_mp5": 0,
        "mmg_mk_iii_armor_dark_woodland": 75,
        "expansion_mp7": 0,
        "gcgn_mp7_40rnd": 1,
        "snafu_m200s_green": 1,
        "mmg_ammo_pouch_erdl": 75,
        "snafugevar_grey": 1,
        "mmg_tactical_gloves_dark_woodland": 73,
        "mag_expansion_g36_30rnd": 0,
        "snafu_kac_mag": 1,
        "ammo_762x54": 1,
        "mag_cz550_4rnd": 0,
        "mmg_supplybag_alpine": 75,
        "snafu_m200s_tan": 1,
        "mmg_mk_v_armor_alpine": 75,
        "mmg_assault_pack_ucp": 75,
        "mmg_gp_nvg_tan": 0,
        "expansion_vityazsn": 0,
        "snafu_hunting_mount_base": 0,
        "mmg_armored_helmet_visor_tan": 75,
        "mmg_patch_rubber_toxic": 0,
        "snafu_scarh_25rnd_mag_bk": 1,
        "snafuuzi": 1,
        "snafu_ak308": 1,
        "mmg_mmps_bag_atacs_dark_woodland": 0,
        "mmg_ballistic_earcover_black": 75,
        "mmg_chestrig_ucp": 77,
        "snafu_mpx_gun": 1,
        "catfoodcan": 0,
        "mmg_mag_pouch_multicamblack": 1,
        "snafu_hkahles": 1,
        "snafuvector_45acp_gun": 1,
        "snafuppsh_71rdmag": 1,
        "sodacan_kvass": 0,
        "mmg_combatshirt_green": 74,
        "canvas_backpack_purple": 0,
        "snafu_scarh_25rnd_mag_dkmc": 1,
        "mmg_combatpants_dark_woodland": 76,
        "mmg_sheath_tan": 1,
        "mmg_carrier_backpack_multicam_tropic": 75,
        "tec9_mag": 1,
        "mag_deagle_9rnd": 0,
        "mmg_assault_pack_mct": 0,
        "ttstg44": 0,
        "snafu_mk10": 1,
        "mmg_assault_pack_multicam": 76,
        "snafu_mk13": 1,
        "gcgn_m110_black": 1,
        "snafu_mk15": 1,
        "expansion_m1a_railatt": 0,
        "pumpkin": 0,
        "mmg_mk5_grenade_pouch_multicam": 0,
        "ak_bayonet": 0,
        "pigsteakmeat": 0,
        "derringer_black": 0,
        "mmg_assault_pack_dark_woodland": 75,
        "mmg_jpc_vest_multicam": 76,
        "ak74_hndgrd": 0,
        "snafu_m76_mag": 1,
        "mmg_supplybag_ucp": 76,
        "mmg_falcon_b1_belt_tan": 1,
        "expansion_mp5_railatt": 0,
        "modified_sa58_30rnd_bk": 1,
        "mmg_combatpants_multicamblack": 70,
        "snafugevar_10rdmag": 1,
        "mmg_mmps_bag_atacs_alpine": 0,
        "mp5_compensator": 0,
        "snafup90_50rdmag": 1,
        "mmg_tactical_pouch_multicam_tropic": 1,
        "fal": 0,
        "ammobox_12gaslug_10rnd": 0,
        "snafuar15_spr_30rnd_mag": 1,
        "mmg_med_pouch_tan": 0,
        "snafu_ammo_500_sw": 1,
        "mmg_armored_helmet_tan": 75,
        "snafugm6lynx_5rdmag": 1,
        "mmg_mmps_bag_green": 0,
        "modified_sa58_30rnd_wbk": 1,
        "mmg_tactical_gloves_multicamblack": 0,
        "mmg_armored_helmet_visor_black": 75,
        "mmg_assault_pack_multicamblack": 75,
        "mmg_ammo_pouch_multicamblack_digital": 75,
        "mmg_holster_black": 1,
        "mmg_camelback_black": 73,
        "glock19": 0,
        "gcgn_m200": 1
    }
}