{
    "m_Version": 6,
    "m_DisplayName": "The Hill",
    "Position": [
        7529.1357421875,
        89.1981201171875,
        4610.044921875
    ],
    "Radius": 300.0,
    "BuyPricePercent": 100.0,
    "SellPricePercent": -1.0,
    "Stock": {
        "aviatorglasses": 1,
        "expansionspraycanmerlinvrana": 0,
        "mmg_tactical_pants_black": 0,
        "prisonercap": 0,
        "booniehat_blue": 1,
        "workinggloves_yellow": 1,
        "wolfsteakmeat": 75,
        "tomato": 75,
        "joggingshoes_black": 75,
        "mmg_mmps_bag_atacs_multicamblack": 0,
        "sparkplug": 1,
        "expansion_landrover_right": 75,
        "flag_chel": 75,
        "expansion_ammobox_8mm_15rnd": 0,
        "mmg_tactical_pouch_dark_woodlan": 0,
        "gaz_3110_volga_doors_trunk_white": 0,
        "mmg_combatpants_multicam": 0,
        "hatchbackdoors_driver_white": 75,
        "platecarriervest": 1,
        "mmg_assault_pack_black": 0,
        "flatcap_grey": 0,
        "kavz685_rf_doors_cargo1_green": 0,
        "mmg_boots_tan": 0,
        "civsedandoors_driver_black": 75,
        "epinephrine": 1,
        "uaz_27722_mchs_wheel": 0,
        "ballerinas_yellow": 75,
        "ij_2125_kombi_beg": 0,
        "mag_cz550_10rnd": 75,
        "lunchmeat": 1,
        "mmg_combatpants_ucp": 0,
        "mag_saiga_drum20rnd": 1,
        "mmg_carrier_backpack_tan": 0,
        "expansion_flag_expansion": 75,
        "ams_ai2": 77,
        "mmg_camelback_multicam": 0,
        "sneakers_white": 1,
        "mmg_striker_helmet_tan": 0,
        "ij_2125_kombi_doors_cargo2_orange": 0,
        "mountainbag_orange": 1,
        "expansion_flag_brazil": 75,
        "combatboots_brown": 75,
        "raincoat_black": 1,
        "labcoat": 75,
        "ammo_308wintracer": 1,
        "expansionuazcargoroofless": 2,
        "woolcoat_green": 76,
        "slackspants_lightgrey": 75,
        "slackspants_khaki": 75,
        "civsedanhood_wine": 75,
        "chestplate": 0,
        "civsedanwheel": 1,
        "mmg_sheath_black": 0,
        "expansionuazdoorcargo2": 1,
        "ghillieatt_woodland": 0,
        "p1": 75,
        "paramedicjacket_crimson": 1,
        "purificationtablets": 1,
        "expansionspraycanmh6furious": 0,
        "balaclavamask_black": 1,
        "huntingoptic": 1,
        "chemlight_blue": 0,
        "uaz_3163_doors_driver": 0,
        "ij_2715_rf_doors_driver_blue": 0,
        "sword": 0,
        "combinationlock4": 1,
        "shovel": 1,
        "bdupants": 75,
        "expansion_flag_mexico": 75,
        "mmg_sheath_alpine": 0,
        "firefightershelmet_yellow": 0,
        "armband_wolf": 0,
        "vodka": 75,
        "mmg_patch_rubber_south_africa": 0,
        "usmcpants_desert": 75,
        "mmg_tactical_pouch_green": 0,
        "mmg_tactical_pouch_alpine": 0,
        "expansion_landrover_trunk": 75,
        "ammo_40mm_smoke_green": 0,
        "kitchenknife": 1,
        "dirtbikehelmet_police": 0,
        "mmg_tactical_pouch_ucp": 0,
        "zil_131_doors_driver": 0,
        "expansion_flag_chernarus": 75,
        "flag_bohemia": 75,
        "portablegaslamp": 0,
        "taloonbag_green": 1,
        "highcapacityvest_black": 0,
        "mmg_patch_rubber_poland": 0,
        "uaz_3962_doors_cargo1_green": 0,
        "layered_shirt_courage": 0,
        "sedan_02_trunk_grey": 75,
        "m3a1_scout_car_doors_hood": 0,
        "armband_chernarus": 0,
        "mmg_double_magpouch_green": 0,
        "bandana_greenpattern": 1,
        "ttglock18c": 0,
        "ij_2125_kombi_doors_trunk_orange": 0,
        "mmg_bottle_dark_woodland": 0,
        "mmg_tactical_gloves_erdl": 0,
        "eyemask_yellow": 0,
        "expansionuazwheel": 1,
        "gaz_m20_doors_codriver_black": 0,
        "mmg_mk5_utility_pouch_alpine": 0,
        "mmg_patch_rubber_usa": 0,
        "mosin_bayonet": 1,
        "chernarusmap": 0,
        "bomberjacket_blue": 75,
        "uaz_3962_green": 0,
        "fingerless_gloves_brown": 0,
        "woolgloves_tan": 0,
        "barrel_red": 75,
        "athleticshoes_green": 75,
        "designerglasses": 1,
        "agaricusmushroom": 75,
        "ij_2125_kombi_doors_cargo2_beg": 0,
        "hatchbacktrunk": 1,
        "mmg_tactical_pouch_tan": 0,
        "expansioncheese4": 75,
        "expansiontractordoorsdriver": 1,
        "surgicalgloves_blue": 0,
        "mmg_triple_magpouch_ucp": 0,
        "ttrpdmag": 0,
        "quiltedjacket_grey": 1,
        "ammo_556x45": 1,
        "vbl_doors_driver": 0,
        "mmg_tactical_pouch_black": 0,
        "mmg_tactical_pants_multicam": 0,
        "military_sweater": 0,
        "expansiontractorbackwheel": 75,
        "mmg_chestrig_dark_woodland": 0,
        "truck_01_wheel": 1,
        "mmg_tactical_helmet_dark_woodland": 0,
        "baseballcap_cmmg_pink": 1,
        "ttscarl_tan": 0,
        "sedan_02_door_2_2_grey": 75,
        "woolgloves_white": 0,
        "gaz_m20_doors_driver_white": 0,
        "mmg_mk_iii_armor_black": 0,
        "hikingboots_black": 1,
        "ttr700mag": 0,
        "tracksuitpants_red": 1,
        "firstaidkit": 1,
        "ammo_flaregreen": 0,
        "zaz_968m_wheel": 0,
        "kavz685_rf_doors_trunk_red": 0,
        "ammobox_762x39_20rnd": 1,
        "expansionspraycanblack": 0,
        "expansionrpg7": 0,
        "mmg_striker_helmet_multicam_tropic": 0,
        "ij_2715_rf_doors_cargo2_blue": 0,
        "gaz_m20_doors_hood_green": 0,
        "ammo_expansion_m203_smoke_yellow": 0,
        "ij_2715_rf_doors_hood_red": 0,
        "hockeyhelmet_red": 1,
        "bearpelt": 0,
        "ammo_expansion_m203_sticky_smoke_white": 0,
        "carradiator": 1,
        "mag_fnx45_15rnd": 1,
        "reflexoptic": 1,
        "expansionuazdoordriver": 1,
        "ammo_22": 1,
        "mmg_patch_rubber_police": 0,
        "avs36": 0,
        "expansionuh1hdoor_2_1": 0,
        "expansionuh1hdoor_2_2": 0,
        "civiliansedan": 1,
        "gaz_33081_doors_cargo2": 0,
        "woolcoat_browncheck": 75,
        "mmg_headphones_tan": 0,
        "hunterpants_summer": 1,
        "zmijovkacap_black": 1,
        "disinfectantalcohol": 1,
        "mmg_supplybag_black": 0,
        "expansion_flag_purple": 75,
        "ammo_expansion_m203_he": 0,
        "mmg_double_magpouch_multicam": 0,
        "mag_cz75_15rnd": 1,
        "ammo_545x39": 1,
        "armband_green": 0,
        "tacticalshirt_olive": 75,
        "ttm9_gold": 0,
        "nvgheadstrap": 1,
        "mp133shotgun": 1,
        "ij_2125_kombi": 0,
        "jeans_bluedark": 1,
        "mmg_boots_green": 0,
        "mmg_carbine_blue": 0,
        "expansiontractordoorscodriver": 75,
        "mmg_tac_goggles_red_green": 0,
        "mmg_mk5_utility_pouch_multicam": 0,
        "armband_napa": 0,
        "mmg_jpc_vest_dark_woodland": 0,
        "mosin9130": 1,
        "ak74": 1,
        "eyemask_valentines": 0,
        "mmg_tactical_helmet_alpine": 0,
        "vbl_wheel": 0,
        "jmc_snowowl_ammo": 0,
        "mmg_armored_helmet_green": 0,
        "mmg_med_pouch_black": 0,
        "ij_2125_kombi_doors_cargo2_red": 0,
        "greenbellpepper": 75,
        "norsehelm": 0,
        "barrelholes_yellow": 75,
        "expansionsafelarge": 75,
        "tetracyclineantibiotics": 1,
        "ij_2715_rf_doors_hood_green": 0,
        "mmg_patch_rubber_slovakia": 0,
        "ams_tourniquet": 73,
        "mmg_mk_iii_armor_multicam": 0,
        "shemagh_bandit_green": 1,
        "mmg_striker_helmet_erdl": 0,
        "mmg_operatorshirt_tan": 0,
        "joggingshoes_white": 1,
        "mmg_med_pouch_alpine": 0,
        "mmg_tactical_shirt_black": 0,
        "expansionspraycanmh6sunset": 0,
        "jungleboots_black": 75,
        "wellies_green": 1,
        "nbcbootsyellow": 75,
        "pickaxe": 1,
        "mmg_mk5_utility_pouch_multicamblack": 0,
        "mmg_patch_rubber_austria": 0,
        "womansuit_darkgrey": 1,
        "shirt_greencheck": 75,
        "expansion_landrover_driverdoor": 75,
        "gaz_m20_wheel": 0,
        "nailbox": 1,
        "expansiongunrack": 1,
        "ij_2715_rf_doors_hood_blue": 0,
        "ammo_flare": 1,
        "mmg_operatorshirt_multicamblack": 0,
        "dressshoes_beige": 1,
        "dirtbikehelmet_mouthguard": 1,
        "mmg_carbine_orange": 0,
        "ammobox_45acp_25rnd": 1,
        "mediumtent_orange": 1,
        "beaniehat_green": 1,
        "expansion_flag_belgium": 75,
        "mmg_combatpants_multicam_tropic": 0,
        "mmg_med_pouch_dark_woodland": 0,
        "nail": 75,
        "mmg_boonie_green": 0,
        "jeans_grey": 1,
        "mmg_tt_vest_multicam_tropic": 0,
        "ammo_545x39tracer": 1,
        "uaz_3962": 0,
        "hatchback_02_door_1_2_blue": 1,
        "hatchback_02_hood_blue": 75,
        "expansion_flag_portugal": 75,
        "mmg_ammo_pouch_multicamblack": 0,
        "platecarriervest_black": 0,
        "mmg_carrier_backpack_dark_woodland": 0,
        "tracksuitpants_black": 75,
        "kavz685_rf": 0,
        "balaclavamask_white": 0,
        "paz_672_doors_codriver": 0,
        "mmg_tt_vest_dark_woodland": 0,
        "mmg_facemask_multicam_tropic": 0,
        "ducttape": 1,
        "expansioncarkey": 75,
        "bomberjacket_grey": 1,
        "waterbottle": 1,
        "deagle_gold": 0,
        "hikingboots_brown": 1,
        "mmg_patch_rubber_norway": 0,
        "joggingshoes_blue": 75,
        "reflexvest": 0,
        "military_sweater_black": 0,
        "augshort": 0,
        "acogoptic_6x": 1,
        "armband_red": 0,
        "uaz_27722_mchs_doors_trunk": 0,
        "expansion_flag_napa": 75,
        "ttak458poli": 0,
        "bomberjacket_skyblue": 1,
        "ams_polaris": 80,
        "booniehat_tan": 0,
        "mmg_double_magpouch_tan": 0,
        "m65jacket_khaki": 75,
        "expansionspraycanuh1huber": 0,
        "ij_2715_rf_blue": 0,
        "ij_2125_kombi_doors_cargo1_beg": 0,
        "mmg_mmps_bag_atacs_dark_woodland": 0,
        "ij_2125_kombi_doors_hood_beg": 0,
        "balaclava3holes_black": 1,
        "omnogloves_gray": 0,
        "btr_80_doors_cargo2_camo2": 0,
        "screwdriver": 1,
        "btr_80_doors_codriver": 0,
        "tshirt_blue": 75,
        "mmg_tactical_shirt_ucp": 0,
        "mmg_med_pouch_olive": 0,
        "gaz_m20_doors_trunk_black": 0,
        "gaz_3110_volga_doors_driver_black": 0,
        "gaz_m20_doors_codriver_white": 0,
        "mmg_tactical_shirt_green": 0,
        "motohelmet_green": 1,
        "sedan_02_door_1_1": 75,
        "sedan_02_door_1_2": 75,
        "ij_2125_kombi_wheel": 0,
        "mmg_tt_vest_green": 0,
        "expansionspraycanmh6digital": 0,
        "mmg_chestrig_erdl": 0,
        "winter_parka_green": 0,
        "mmg_triple_magpouch_erdl": 0,
        "ghilliehood_woodland": 0,
        "mmg_mk_v_armor_erdl": 0,
        "broom_birch": 0,
        "flag_brainz": 75,
        "hatchback_02_trunk_blue": 75,
        "expansion_pmii25optic": 1,
        "highcapacityvest_olive": 0,
        "expansionspraycanmh6shadow": 0,
        "mmg_balaclava_ucp": 0,
        "uaz_27722_mchs_doors_cargo1": 0,
        "btr_80_wheel": 0,
        "expansion_benellim4": 0,
        "jumpsuitpants_red": 75,
        "medicalscrubshat_green": 0,
        "beaniehat_red": 1,
        "headlighth7": 1,
        "darkmotohelmet_yellowscarred": 0,
        "expansionsafemedium": 1,
        "expansionspraycancamo": 0,
        "rangefinder": 0,
        "mmg_falcon_b1_belt_multicam_tropic": 0,
        "blouse_violet": 75,
        "aec_matador_doors_trunk": 0,
        "gaz_m20_doors_trunk_blue": 0,
        "ammo_expansion_m203_sticky_smoke_red": 0,
        "mmg_camelback_ucp": 0,
        "carbattery": 1,
        "gaz_51_wheeldouble": 0,
        "sedan_02_door_2_1_grey": 75,
        "btr_80_camo2": 0,
        "mmg_facemask_alpine": 0,
        "paz_672_wheel": 0,
        "truck_01_door_1_1_orange": 75,
        "usmcjacket_woodland": 1,
        "hatchbackdoors_codriver": 1,
        "mmg_patch_rubber_france": 0,
        "flag_hunterz": 75,
        "ammo_expansion_m203_sticky_smoke_yellow": 0,
        "hunterpants_brown": 1,
        "chickenbreastmeat": 1,
        "sambucusberry": 75,
        "fireworkslauncher": 0,
        "tirerepairkit": 1,
        "mmg_mag_pouch_tan": 0,
        "expansionspraycanwhite": 1,
        "pitchfork": 75,
        "mag_expansion_m9_15rnd": 1,
        "slicedpumpkin": 75,
        "iodinetincture": 1,
        "canvaspants_blue": 75,
        "balaclavamask_beige": 1,
        "expansion_flag_nato": 75,
        "jungleboots_green": 75,
        "ttgarand": 0,
        "ttstg44": 0,
        "mimemask_female": 0,
        "mansuit_khaki": 1,
        "stunbaton": 0,
        "aks74u_bttstck": 1,
        "handcuffs": 1,
        "mmg_jpc_vest_black": 0,
        "jeans_green": 1,
        "pipe": 0,
        "jmc_snowowl_mag": 0,
        "sedan_02": 3,
        "military_sweater_green": 0,
        "zagorkypeanuts": 75,
        "expansionkeychain_pink": 75,
        "powergenerator": 1,
        "pso1optic": 1,
        "uaz_31519_police": 0,
        "expansion_flag_germany": 75,
        "ij_2125_kombi_doors_cargo1_green": 0,
        "gaz_3110_volga_taxi_doors_cargo1": 0,
        "mag_aug_30rnd": 1,
        "petrollighter": 0,
        "ammo_expansion_338": 1,
        "raincoat_pink": 75,
        "barrelholes_green": 75,
        "ttagram": 0,
        "battery9v": 1,
        "gorkahelmetvisor": 0,
        "gaz_m20_doors_trunk_white": 0,
        "gaz_3110_volga_taxi_doors_trunk": 0,
        "expansionspraycanwhiterust": 0,
        "chemlight_white": 0,
        "glowplug": 1,
        "tshirt_grey": 75,
        "mmg_chestrig_black": 0,
        "mmg_facemask_dark_woodland": 0,
        "civsedandoors_driver_wine": 75,
        "canvaspantsmidi_grey": 75,
        "pp19_bttstck": 75,
        "mmg_tactical_gloves_black": 0,
        "mmg_bottle_multicamblack": 0,
        "m4_plastichndgrd": 1,
        "ural_375_1964_doors_hood": 0,
        "thickframesglasses": 0,
        "gaz_3110_volga_doors_trunk_black": 0,
        "ams_vikasol": 80,
        "uaz_469_milicia_doors_driver": 0,
        "flag_livoniapolice": 75,
        "ammo_40mm_explosive": 0,
        "woodaxe": 1,
        "sneakers_red": 75,
        "huntingjacket_summer": 1,
        "mmg_holster_multicam_tropic": 0,
        "mmg_falcon_b1_belt_multicam": 0,
        "uaz_31519_police_doors_codriver": 0,
        "niva2329_doors_codriver": 0,
        "pen_red": 75,
        "gaz_51_wheel": 0,
        "armband_pirates": 0,
        "pumpkin": 75,
        "workingboots_grey": 1,
        "workingboots_green": 75,
        "offroad_02_door_1_1": 0,
        "zis5_benzovoz_wheel": 0,
        "dirtbikehelmet_khaki": 1,
        "ij_2715_rf_doors_cargo2_red": 0,
        "expansion_mh6_door_1_2_black": 75,
        "mmg_ballistic_earcover_multicamblack": 0,
        "truck_01_door_1_1": 1,
        "motohelmet_grey": 0,
        "layered_shirt_base": 0,
        "militaryberet_cdf": 0,
        "canteen": 1,
        "ij_2125_kombi_doors_trunk_beg": 0,
        "mmg_combatshirt_police": 0,
        "ttp90_tan": 0,
        "hunterpants_autumn": 1,
        "combatboots_green": 75,
        "mmg_tactical_shirt_dark_wl": 0,
        "niva2329_doors_trunk": 0,
        "mmg_mk5_utility_pouch_tan": 0,
        "aec_matador_doors_driver": 0,
        "mag_scout_5rnd": 1,
        "uaz_3163_doors_cargo2": 0,
        "steakknife": 1,
        "bomberjacket_brown": 75,
        "high_knee_sneakers": 0,
        "bandana_camopattern": 1,
        "btr_80_doors_codriver_camo2": 0,
        "gaz_3110_volga_taxi_doors_driver": 0,
        "largegascanister": 1,
        "aec_matador": 0,
        "paramedicpants_green": 75,
        "truck_01_hood_orange": 75,
        "sedan_02_door_1_2_red": 75,
        "flag_crook": 0,
        "ammobox_308win_20rnd": 1,
        "plastic_explosive": 0,
        "blue_leggings": 0,
        "flag_dayz": 75,
        "mmg_balaclava_multicam_tropic": 0,
        "epoxyputty": 1,
        "platecarrierpouches_black": 0,
        "mmg_boots_black": 0,
        "mmg_patch_rubber_medic": 0,
        "expansion_flag_fari": 75,
        "booniehat_dubok": 1,
        "aec_matador_wheel": 0,
        "btr_80_doors_driver_camo2": 0,
        "ghillieatt_mossy": 1,
        "mmg_mag_pouch_alpine": 0,
        "mmg_tactical_pants_dark_woodland": 0,
        "mmg_tactical_helmet_multicam": 0,
        "m3a1_scout_car_doors_driver": 0,
        "mmg_tactical_shirt_erdl": 0,
        "netting": 75,
        "willys_mb_wheel": 0,
        "ammobox_9x39_20rnd": 1,
        "plum": 75,
        "expansionkeychain_purp": 75,
        "ghilliehood_mossy": 0,
        "m4_oebttstck": 1,
        "portablegasstove": 0,
        "purple_leggings": 0,
        "hikingbootslow_grey": 75,
        "ballistichelmet_green": 0,
        "militaryberet_red": 1,
        "joggingshoes_violet": 1,
        "dressshoes_black": 75,
        "ij_2125_kombi_doors_cargo2_green": 0,
        "canvaspants_violet": 1,
        "m18smokegrenade_purple": 0,
        "mmg_carrier_backpack_black": 0,
        "mag_akm_palm30rnd": 1,
        "zaz_968m_red": 0,
        "expansionuazcargo": 2,
        "ij_2715_rf_doors_hood": 0,
        "ghillietop_woodland": 0,
        "expansionspraycangrey": 0,
        "handsaw": 1,
        "mmg_boonie_multicam_tropic": 0,
        "uaz_3163_doors_trunk": 0,
        "pressvest_lightblue": 1,
        "ukassvest_khaki": 0,
        "ammobox_545x39_20rnd": 1,
        "workingboots_yellow": 1,
        "usmcjacket_desert": 75,
        "expansionkar98scopeoptic": 1,
        "mmg_mag_pouch_erdl": 0,
        "cz550": 75,
        "orientalmachete": 0,
        "shemagh_bandit_red": 0,
        "gaz_33081_doors_cargo1": 0,
        "smershvest": 1,
        "vbl_doors_cargo1": 0,
        "ij_2715_rf_doors_driver": 0,
        "ak101": 1,
        "mmg_mk_iii_armor_green": 0,
        "ttp38": 0,
        "mercedes_g4_w31_doors_trunk": 0,
        "radarcap_green": 1,
        "tshirt_orangewhitestripes": 75,
        "saiga_bttstck": 1,
        "ump45": 1,
        "rdg2smokegrenade_black": 0,
        "ots71": 0,
        "darkmotohelmet_blue": 0,
        "expansiontractor": 5,
        "ttscarl": 0,
        "ij_2125_kombi_doors_trunk_green": 0,
        "ushanka_blue": 1,
        "startkitiv": 1,
        "flag_tec": 75,
        "fabric": 1,
        "mmg_jpc_vest_ucp": 0,
        "partytent_lunapark": 75,
        "high_knee_sneakers_black": 0,
        "kavz685_rf_doors_hood_red": 0,
        "mmg_patch_rubber_mmg": 0,
        "mmg_tactical_helmet_ucp": 0,
        "mediumgascanister": 1,
        "spotlight": 0,
        "uaz_31519_police_wheel": 0,
        "marmalade": 1,
        "poncho_red_checkered": 0,
        "mmg_combatpants_alpine": 0,
        "ghilliehood_tan": 0,
        "m18smokegrenade_red": 0,
        "gaz_m20_doors_cargo1_red": 0,
        "mmg_mk_v_armor_multicam_tropic": 0,
        "expansionspraycangreen": 0,
        "aec_matador_doors_codriver": 0,
        "hatchback_02_door_2_1_blue": 75,
        "armband_chedaki": 0,
        "gaz_3110_volga_doors_cargo1": 0,
        "mp5_plastichndgrd": 1,
        "gaz_66_wheel": 0,
        "lactariusmushroom": 75,
        "blowtorch": 0,
        "expansiontractorfrontwheel": 1,
        "bandana_blackpattern": 1,
        "mmg_mk_v_armor_ucp": 0,
        "ams_methadone": 75,
        "balaclavamask_blue": 1,
        "ural_375_1964_doors_driver": 0,
        "militaryboots_bluerock": 75,
        "pso11optic": 1,
        "jumpsuitpants_blue": 75,
        "ballerinas_red": 75,
        "mag_expansion_m14_20rnd": 0,
        "m18smokegrenade_yellow": 0,
        "ammo_40mm_chemgas": 0,
        "btr_80_doors_driver": 0,
        "mag_expansion_vityaz_30rnd": 0,
        "sneakers_green": 1,
        "ams_aspirin": 76,
        "charcoaltablets": 1,
        "raincoat_yellow": 1,
        "zil_131": 0,
        "nbcjacketyellow": 75,
        "platecarriervest_camo": 0,
        "assaultbag_black": 1,
        "m4_mphndgrd": 1,
        "gorkaejacket_flat": 75,
        "chips": 1,
        "ams_testkitreport": 81,
        "hatchbackdoors_driver": 1,
        "firefighteraxe": 75,
        "mmg_carrier_backpack_erdl": 0,
        "ammobox_9x19_25rnd": 1,
        "mag_famas_25rnd": 1,
        "mmg_patch_rubber_pilot": 0,
        "zmijovkacap_brown": 0,
        "mmg_combatshirt_dark_woodland": 0,
        "balaclava3holes_beige": 1,
        "poncho_blue_checkered": 0,
        "armband_rooster": 0,
        "hikingjacket_black": 1,
        "fingerless_gloves": 0,
        "dirtbikehelmet_red": 0,
        "mmg_mk_iii_armor_alpine": 0,
        "ghillietop_tan": 0,
        "barrelholes_blue": 75,
        "combatknife": 0,
        "ghilliesuit_mossy": 0,
        "ams_narcotics": 71,
        "beaniehat_blue": 1,
        "expansion_flag_netherlands": 75,
        "uaz_31519_police_doors_driver": 0,
        "pistoloptic": 1,
        "machete": 1,
        "mmg_bottle_erdl": 0,
        "flag_nsahrani": 75,
        "crossbow_black": 0,
        "expansionspraycangreyrust": 0,
        "mansuit_darkgrey": 1,
        "mmg_operatorshirt_black": 0,
        "offroadhatchback": 1,
        "civsedandoors_backleft": 1,
        "civsedandoors_backright_wine": 75,
        "dressshoes_brown": 75,
        "m68optic": 1,
        "ttsok94": 1,
        "nbcpantsyellow": 75,
        "hescobox": 75,
        "barrel_yellow": 75,
        "uaz_3962_doors_driver": 0,
        "mmg_patch_rubber_england": 0,
        "expansioncowboyhatrattlesnake": 0,
        "mmg_jpc_vest_erdl": 0,
        "mag_stanag_60rnd": 0,
        "painkillertablets": 1,
        "zaz_968m_doors_driver_red": 0,
        "breeches_white": 75,
        "fingerless_gloves_wool_grey": 0,
        "mmg_assault_pack_ucp": 0,
        "ttp90": 0,
        "fnp45_mrdsoptic": 1,
        "mmg_mk5_grenade_pouch_black": 0,
        "ams_pox": 76,
        "gaz_3110_volga": 0,
        "mmg_mk_v_armor_dark_woodland": 0,
        "potato": 75,
        "mmg_patch_rubber_greece": 0,
        "mmg_boonie_multicamblack": 0,
        "telnyashkashirt": 75,
        "mmg_assault_pack_alpine": 0,
        "constructionhelmet_blue": 0,
        "drybag_yellow": 75,
        "tacticalshirt_tan": 75,
        "zil_131_doors_codriver": 0,
        "mmg_boonie_tan": 0,
        "alarmclock_red": 0,
        "tracksuitpants_lightblue": 75,
        "armband_chel": 0,
        "zaz_968m_doors_codriver_red": 0,
        "mag_cmag_40rnd": 1,
        "mmg_ballistic_earcover_tan": 0,
        "mmg_patch_rubber_driver": 0,
        "ak_woodbttstck": 1,
        "chernarussportshirt": 75,
        "ij_2125_kombi_doors_hood_orange": 0,
        "mmg_assault_pack_tan": 0,
        "partytent": 75,
        "poncho_yellow_checkered": 0,
        "mag_ak74_30rnd": 1,
        "mmg_facemask_green": 0,
        "uaz_469_milicia_doors_hood": 0,
        "ammobox_9x39ap_20rnd": 1,
        "flatcap_blue": 0,
        "flag_rsta": 75,
        "mag_clip762x54_5rnd": 0,
        "poncho_black": 0,
        "armband_cmc": 0,
        "drybag_black": 1,
        "unknownfoodcan": 1,
        "sedan_02_door_2_2_red": 75,
        "expansionpropanetorch": 75,
        "mountainbag_red": 1,
        "mmg_holster_alpine": 0,
        "mmg_supplybag_multicam": 0,
        "balaclavamask_blackskull": 1,
        "ttskopants": 1,
        "mag_akm_30rnd": 1,
        "mmg_combatpants_tan": 0,
        "ghillietop_mossy": 0,
        "huntingjacket_autumn": 1,
        "sodacan_kvass": 1,
        "mmg_assault_pack_erdl": 0,
        "alicebag_black": 1,
        "breeches_browncheck": 75,
        "flag_livoniaarmy": 75,
        "expansionspraycanmh6speedy": 0,
        "m65jacket_tan": 1,
        "tlrlight": 1,
        "ural_375_1964_doors_codriver": 0,
        "kavz685_rf_doors_driver_green": 0,
        "offroad_02": 0,
        "dressshoes_white": 75,
        "pot": 75,
        "mmg_holster_tan": 0,
        "offroad_02_hood": 0,
        "baseballcap_camo": 0,
        "gaz_3110_volga_doors_codriver_white": 0,
        "uaz_3962_wheel": 0,
        "expansionbread3": 1,
        "expansionexps3holooptic": 1,
        "balaclavamask_pink": 0,
        "mmg_boots_erdl": 0,
        "expansionvodnikdoorcodriver": 74,
        "woolgloves_green": 0,
        "mag_p1_8rnd": 75,
        "esp_m14_black": 0,
        "m3a1_scout_car": 0,
        "mmg_falcon_b1_belt_tan": 0,
        "mag_val_20rnd": 1,
        "expansion_mh6_door_2_1_black": 75,
        "motohelmet_lime": 0,
        "hatchback_02_door_2_1": 1,
        "hatchback_02_door_2_2": 1,
        "ij_2715_rf_doors_cargo1_blue": 0,
        "ammobox_308wintracer_20rnd": 1,
        "ammo_huntingbolt": 0,
        "crowbar": 1,
        "expansionspraycanblackrust": 0,
        "expansionkeychain_yellow": 75,
        "mmg_carrier_backpack_multicam_tropic": 0,
        "woolcoat_redcheck": 75,
        "expansionuazdoorcargo1": 1,
        "expansiongps": 0,
        "salinebag": 1,
        "chainmail_coif": 0,
        "military_sweater_blue": 0,
        "mmg_carrier_backpack_olive": 0,
        "kobraoptic": 1,
        "expansioncheese1": 75,
        "expansioncheese2": 1,
        "expansioncheese3": 1,
        "mmg_sheath_olive": 0,
        "rdg2smokegrenade_white": 0,
        "woolcoat_bluecheck": 75,
        "expansionmerlinbackwheel": 75,
        "breeches_beige": 75,
        "mmg_patch_rubber_dayz": 0,
        "mmg_ballistic_earcover_green": 0,
        "cleaver": 75,
        "mmg_falcon_b1_belt_erdl": 0,
        "mmg_boonie_erdl": 0,
        "deagle": 1,
        "mmg_patch_rubber_por": 0,
        "uaz_469_milicia_doors_trunk": 0,
        "paramedicjacket_blue": 1,
        "constructionhelmet_white": 0,
        "ams_whistle": 75,
        "chestholster": 1,
        "morphine": 1,
        "mmg_patch_rubber_511": 0,
        "btr_80_doors_cargo4": 0,
        "beaniehat_pink": 0,
        "platecarrierholster_green": 0,
        "mountainbag_green": 1,
        "mmg_tactical_pants_green": 0,
        "mmg_ballistic_earcover_erdl": 0,
        "gaz_m20_doors_driver_blue": 0,
        "assaultbag_ttsko": 75,
        "mmg_striker_helmet_rusty": 0,
        "ams_mfak": 73,
        "expansioncodelock": 1,
        "mmg_supplybag_erdl": 0,
        "medium_sleeves_shirt_red": 0,
        "ssg82": 0,
        "sedan_02_hood": 75,
        "expansionbuswheel": 1,
        "huntingknife": 1,
        "tracksuitjacket_lightblue": 75,
        "drybag_orange": 1,
        "expansionspraycangreenrust": 0,
        "armband_zenit": 0,
        "expansionspraycanyellow": 0,
        "ammo_12garubberslug": 1,
        "expansionuazroofless": 2,
        "ij_2125_kombi_red": 0,
        "expansionspraycanmerlinwave": 0,
        "mmg_tactical_helmet_police": 0,
        "quiltedjacket_blue": 1,
        "mmg_carrier_backpack_alpine": 0,
        "booniehat_black": 0,
        "expansion_flag_luxembourg": 75,
        "ballistichelmet_un": 0,
        "expansionhamroptic": 1,
        "mmg_tactical_helmet_green": 0,
        "ammo_flareblue": 0,
        "ak_foldingbttstck": 1,
        "flag_ssahrani": 75,
        "mmg_tactical_shirt_multicamblack": 0,
        "motohelmet_yellow": 0,
        "fingerless_gloves_wool_black": 0,
        "womansuit_blue": 1,
        "canvaspants_red": 75,
        "expansionhydraulichoses": 1,
        "crackers": 75,
        "raincoat_green": 1,
        "expansionreflexmrsoptic": 1,
        "ammobox_762x54_20rnd": 1,
        "gaz_3110_volga_doors_cargo1_white": 0,
        "mmg_striker_helmet_ucp": 0,
        "mmg_mmps_bag_atacs_multicam_tropic": 0,
        "jmc_prototype_mag": 0,
        "expansionspraycanuh1hcivilian": 0,
        "raincoat_blue": 75,
        "expansionkeychain_black": 75,
        "poncho_brown": 0,
        "kavz685_rf_wheeldouble": 0,
        "gaz_51_doors_codriver": 0,
        "vbl_doors_codriver": 0,
        "mmg_operatorshirt_multicam": 0,
        "uaz_469_milicia_doors_cargo1": 0,
        "uaz_469_milicia_doors_cargo2": 0,
        "expansionridersjacketbrown": 75,
        "ttar9": 0,
        "balaclavamask_green": 0,
        "armband_cannibals": 0,
        "ij_2125_kombi_doors_driver_beg": 0,
        "ij_2715_rf_doors_codriver": 0,
        "brassknuckles_shiny": 1,
        "booniehat_orange": 1,
        "zmijovkacap_blue": 0,
        "mmg_med_pouch_erdl": 0,
        "sheriff_badge": 1,
        "mmg_mmps_bag_atacs_tan": 0,
        "hatchback_02_trunk": 1,
        "ij_2715_rf_doors_codriver_blue": 0,
        "gaz_3110_volga_doors_codriver_black": 0,
        "spaghettican": 1,
        "btr_80_doors_cargo3_camo2": 0,
        "ammobox_762x39tracer_20rnd": 1,
        "expansion_mh6_door_2_2_black": 75,
        "mmg_striker_helmet_dark_woodland": 0,
        "mansuit_lightgrey": 1,
        "izh43shotgun": 1,
        "woodencrate": 75,
        "tomatoseeds": 0,
        "darkmotohelmet_black": 0,
        "kavz685_rf_beige": 0,
        "baseballcap_black": 1,
        "slackspants_black": 1,
        "gorkaejacket_pautrev": 75,
        "expansion_flag_dayzblack": 75,
        "mmg_tt_vest_black": 0,
        "cowboyhat_darkbrown": 1,
        "policevest": 1,
        "canistergasoline": 1,
        "potatoseed": 75,
        "combatboots_black": 75,
        "zsh3pilothelmet_green": 0,
        "mag_762x54snaploader_2rnd": 0,
        "mercedes_g4_w31_doors_driver": 0,
        "ak74_woodbttstck": 1,
        "chemlight_red": 0,
        "woolglovesfingerless_black": 0,
        "gaz_m20_doors_hood_blue": 0,
        "expansionuazdoorcodriver": 1,
        "eyemask_newyears": 0,
        "camonetcivil": 1,
        "mmg_patch_rubber_denmark": 0,
        "expansionlumber1": 75,
        "expansionlumber3": 75,
        "carpfilletmeat": 75,
        "taloonbag_orange": 1,
        "bearsteakmeat": 1,
        "gaz_3110_volga_taxi_doors_cargo2": 0,
        "expansion_flag_livonia": 75,
        "ragged_eyepatch": 0,
        "radarcap_blue": 0,
        "ij_2125_kombi_doors_codriver_orange": 0,
        "gaz_m20_doors_codriver_green": 0,
        "ural_375_1964": 0,
        "mmg_falcon_b1_belt_dark_woodland": 0,
        "zsh3pilothelmet": 0,
        "woodenplank": 75,
        "flaregun": 1,
        "expansion_flag_sweden": 75,
        "expansionkeychain_white": 75,
        "tacticalgoggles": 0,
        "woolcoat_red": 75,
        "ammo_9x19": 1,
        "gaz_m20_doors_codriver": 0,
        "ghilliesuit_tan": 0,
        "truck_01_wheeldouble": 1,
        "expansionammolaw": 0,
        "mmg_ammo_pouch_black": 0,
        "mmg_triple_magpouch_multicamblack": 0,
        "acogoptic": 1,
        "woolglovesfingerless_green": 0,
        "mmg_combatshirt_multicamblack": 0,
        "mag_saiga_5rnd": 1,
        "ams_bandagetape": 81,
        "expansionuaz": 1,
        "policecap": 0,
        "expansion_ammo_arrowbolt": 1,
        "cargopants_black": 75,
        "poncho_white": 0,
        "expansion_flag_gubraltar": 75,
        "barbedbaseballbat": 0,
        "ak_railhndgrd": 1,
        "mmg_striker_helmet_alpine": 0,
        "powderedmilk": 1,
        "mmg_tt_vest_erdl": 0,
        "poncho_blackandwhite": 0,
        "mansuit_blue": 1,
        "expansionspraycanorange": 0,
        "deerpelt": 0,
        "mmg_boonie_ucp": 0,
        "policepantsorel": 1,
        "akm": 1,
        "breeches_beetcheck": 1,
        "ghilliebushrag_tan": 0,
        "woolcoat_blue": 1,
        "armband_blue": 0,
        "lockpick": 1,
        "gaz_3110_volga_wheel": 0,
        "ttrpd": 0,
        "gaz_3110_volga_doors_cargo2_white": 0,
        "ammo_9x39": 1,
        "expansionbuswheeldouble": 1,
        "expansion_flag_chedaki": 75,
        "gasmask": 1,
        "jeans_blue": 1,
        "childbag_blue": 75,
        "m16a2": 1,
        "ij_2715_rf_doors_cargo1": 0,
        "ij_2715_rf_doors_cargo2": 0,
        "mercedes_g4_w31": 0,
        "matchbox": 0,
        "m18smokegrenade_white": 0,
        "ammo_expansion_m203_smoke_purple": 0,
        "zaz_968m": 0,
        "mmg_triple_magpouch_green": 0,
        "deersteakmeat": 1,
        "baseradio": 0,
        "scout_chernarus": 1,
        "skatehelmet_gray": 1,
        "gaz_m20_doors_trunk_green": 0,
        "booniehat_navyblue": 1,
        "gaz_66_kuzov": 0,
        "kavz685_rf_doors_hood_green": 0,
        "combatboots_grey": 75,
        "uaz_27722_mchs_doors_hood": 0,
        "mmg_assault_pack_dark_woodland": 0,
        "sks": 0,
        "gaz_3110_volga_doors_cargo2": 0,
        "ams_gasmaskgp21": 75,
        "pressvest_blue": 1,
        "mmg_supplybag_green": 0,
        "mmg_triple_magpouch_alpine": 0,
        "wolfpelt": 0,
        "slackspants_blue": 1,
        "ammo_9x39ap": 1,
        "expansionmilkbottle": 1,
        "sodacan_spite": 75,
        "zil_131_wheel": 0,
        "alarmclock_blue": 0,
        "kavz685_rf_doors_trunk_green": 0,
        "tracksuitjacket_black": 75,
        "expansion_flag_pirate": 75,
        "ballerinas_blue": 75,
        "civsedantrunk": 1,
        "mmg_patch_rubber_australia": 0,
        "layered_shirt_cheburashka": 0,
        "tactical_leg_holster_black": 1,
        "sedan_02_hood_grey": 75,
        "uaz_27722_mchs": 0,
        "uaz_3962_doors_codriver_green": 0,
        "expansion_flag_ireland": 75,
        "wellies_brown": 75,
        "expansionuazdoorhood": 1,
        "expansion_flag_australia": 75,
        "mmg_mk5_grenade_pouch_dark_woodland": 0,
        "expansionspraycanmh6resistance": 0,
        "minidress_pink": 1,
        "lugwrench": 1,
        "expansion_flag_dayzwhite": 75,
        "slackspants_brown": 1,
        "mmg_holster_erdl": 0,
        "uaz_3163": 0,
        "mmg_assault_pack_olive": 0,
        "derringer_grey": 0,
        "mmg_operatorshirt_alpine": 0,
        "jumpsuitpants_green": 75,
        "mag_akm_drum75rnd": 1,
        "zsh3pilothelmet_black": 0,
        "hatchback_02_trunk_black": 75,
        "nbcglovesyellow": 0,
        "poncho_red": 0,
        "btr_80_doors_cargo1": 0,
        "btr_80_doors_cargo2": 0,
        "btr_80_doors_cargo3": 0,
        "uaz_3962_doors_driver_green": 0,
        "mmg_double_magpouch_dark_woodland": 0,
        "policejacketorel": 1,
        "layered_shirt_lily": 0,
        "ams_firstaidkit": 75,
        "sledgehammer": 1,
        "mmg_tactical_helmet_black": 0,
        "mag_fal_20rnd": 1,
        "gaz_m20_doors_cargo2_red": 0,
        "leathersewingkit": 1,
        "gaz_3110_volga_doors_cargo1_black": 0,
        "mag_glock_15rnd": 1,
        "mmg_mk_iii_armor_multicamblack": 0,
        "ssh68helmet": 1,
        "ams_waterstraw": 78,
        "expansion_flag_blue": 75,
        "womansuit_khaki": 1,
        "flatcap_greycheck": 1,
        "alicebag_green": 1,
        "expansion_mh6_door_1_1_black": 75,
        "breeches_blue": 1,
        "bandagedressing": 1,
        "ams_antisept": 82,
        "sportglasses_orange": 0,
        "crudemachete": 1,
        "mmg_sheath_erdl": 0,
        "ammo_762x39": 1,
        "expansionspraycanmh6vrana": 0,
        "militarybelt": 1,
        "hatchbackhood_white": 75,
        "button_pin_radioactive": 1,
        "mmg_tactical_pouch_erdl": 0,
        "policejacket": 1,
        "mmg_triple_magpouch_black": 0,
        "coyotebag_green": 1,
        "militaryberet_nz": 0,
        "expansion_mp5sd": 1,
        "zaz_968m_doors_codriver": 0,
        "expansion_landrover_hood": 75,
        "gaz_3110_volga_doors_hood_white": 0,
        "flatcap_blackcheck": 1,
        "tshirt_black": 75,
        "mmg_bottle_tan": 0,
        "mmg_combatshirt_multicam_tropic": 0,
        "mag_mkii_10rnd": 1,
        "uaz_31519_police_doors_cargo1": 0,
        "uaz_31519_police_doors_cargo2": 0,
        "rgd5grenade": 0,
        "expansion_flag_spain": 75,
        "repeater": 1,
        "ammo_expansion_m203_sticky_smoke_green": 0,
        "metalwire": 1,
        "booniehat_olive": 0,
        "tracksuitpants_green": 1,
        "shortjeans_black": 1,
        "cowsteakmeat": 75,
        "civilianbelt": 1,
        "uaz_3962_doors_cargo1": 0,
        "mmg_carbine_red": 0,
        "pliers": 1,
        "ij_2125_kombi_doors_driver_red": 0,
        "expansion_mp5": 1,
        "expansion_mp7": 0,
        "mmg_mmps_bag_atacs_erdl": 0,
        "hockeyhelmet_black": 1,
        "mag_expansion_g36_30rnd": 1,
        "mmg_mag_pouch_dark_woodland": 0,
        "bandana_yellow": 0,
        "ammo_762x54": 1,
        "ij_2125_kombi_doors_trunk": 0,
        "btr_80_doors_cargo4_camo2": 0,
        "sedan_02_door_2_1": 75,
        "sedan_02_door_2_2": 75,
        "minidress_whitechecker": 1,
        "quiltedjacket_green": 1,
        "mmg_patch_rubber_toxic": 0,
        "raincoat_orange": 75,
        "ams_bandage": 100,
        "darkmotohelmet_white": 0,
        "ij_2125_kombi_doors_hood_red": 0,
        "slackspants_white": 1,
        "armband_pink": 1,
        "cz527": 1,
        "balaclava3holes_green": 0,
        "expansion_flag_green": 75,
        "ushanka_black": 1,
        "gaz_m20_black": 0,
        "mmg_double_magpouch_ucp": 0,
        "uaz_469_milicia": 0,
        "mmg_combatpants_dark_woodland": 0,
        "expansion_dt11": 1,
        "niva2329_doors_hood_camo": 0,
        "policepants": 75,
        "mmg_mk_iii_armor_erdl": 0,
        "mmg_assault_pack_multicam": 0,
        "adidas_leggings": 0,
        "surgicalgloves_white": 0,
        "aks74u": 1,
        "expansioncamotentkit": 1,
        "expansion_mpx": 1,
        "sneakers_gray": 1,
        "canvaspantsmidi_blue": 75,
        "flag_pirates": 75,
        "expansionstove": 1,
        "flag_refuge": 1,
        "expansionspraycanwine": 0,
        "expansiontoolbox": 75,
        "expansion_mp5_railatt": 1,
        "radarcap_red": 0,
        "mmg_chestrig_multicam": 0,
        "mmg_armored_helmet_visor_black": 0,
        "baseballcap_olive": 0,
        "pistolsuppressor": 1,
        "mmg_camelback_black": 0,
        "mmg_mmps_bag_atacs_multicam": 0,
        "mag_expansion_kedr_20rnd": 1,
        "mmg_holster_black": 0,
        "barbedwire": 1,
        "m65jacket_black": 1,
        "booniehat_red": 1,
        "gaz_m20_green": 0,
        "expansionkeychain_red": 75,
        "ams_bandaid": 78,
        "offroad_02_wheel": 0,
        "workinggloves_black": 0,
        "expansiondeserttortilla": 75,
        "mmg_tactical_gloves_multicamblack": 0,
        "zis5_benzovoz_doors_driver": 0,
        "gaz_m20_doors_cargo1_green": 0,
        "medium_sleeves_shirt": 0,
        "boarsteakmeat": 75,
        "mmg_patch_rubber_namalsk_special": 0,
        "aug": 1,
        "darkmotohelmet_red": 0,
        "honey": 75,
        "hk416_gun": 1,
        "mmg_bottle_multicam_tropic": 0,
        "mmg_mag_pouch_olive": 0,
        "kukriknife": 1,
        "mag_saiga_8rnd": 1,
        "expansion_flag_borduria": 75,
        "ammobox_545x39tracer_20rnd": 1,
        "vss": 1,
        "cablereel": 0,
        "woolglovesfingerless_tan": 0,
        "jumpsuitjacket_gray": 75,
        "armband_nsahrani": 0,
        "latex_white_leggings": 0,
        "expansion_landrover_left": 75,
        "paper": 1,
        "fal_oebttstck": 1,
        "mag_ruger1022_30rnd": 1,
        "puscopeoptic": 1,
        "mmg_tactical_pants_erdl": 0,
        "civsedandoors_driver": 1,
        "burlapsack": 1,
        "bloodbagempty": 1,
        "expansion_kedr": 1,
        "ak_plastichndgrd": 1,
        "ttak458": 0,
        "woolcoat_blackcheck": 75,
        "barrel_blue": 75,
        "m4_cqbbttstck": 1,
        "flag_altis": 75,
        "derringer_pink": 0,
        "mmg_mag_pouch_ucp": 0,
        "mmg_patch_rubber_finland": 0,
        "athleticshoes_grey": 1,
        "mmg_chestrig_multicamblack": 0,
        "expansion_flag_pink": 75,
        "shemagh_facemask_red": 0,
        "expansion_flag_skilanka": 75,
        "surgicalgloves_lightblue": 0,
        "gp5gasmask": 1,
        "nioshfacemask": 0,
        "expansionridersjacketdarkblue": 75,
        "breeches_pink": 75,
        "expansionkeychain_orange": 75,
        "cartent": 1,
        "ij_2125_kombi_doors_cargo1_orange": 0,
        "mmg_tactical_gloves_multicam": 0,
        "gaz_m20_doors_driver": 0,
        "mmg_boonie_dark_woodland": 0,
        "sodacan_pipsi": 1,
        "mmg_med_pouch_multicam": 0,
        "uaz_469_milicia_doors_codriver": 0,
        "svd": 1,
        "mmg_combatshirt_tan": 0,
        "gaz_m20_doors_trunk_red": 0,
        "baseballcap_beige": 0,
        "hikingbootslow_blue": 1,
        "shortjeans_brown": 1,
        "mmg_mk5_utility_pouch_multicam_tropic": 0,
        "mmg_patch_rubber_czech_republic": 0,
        "mmg_sheath_multicam_tropic": 0,
        "combatboots_beige": 75,
        "sportglasses_black": 1,
        "ammo_12gaslug": 1,
        "hatchbackdoors_codriver_white": 75,
        "surgicalmask": 1,
        "military_sweater_red": 0,
        "eyemask_red": 0,
        "thermometer": 1,
        "ij_2125_kombi_doors_driver": 0,
        "offroad_02_door_2_2": 0,
        "childbag_red": 1,
        "winter_parka_base": 1,
        "caninaberry": 75,
        "expansion_flag_wales": 75,
        "pate": 75,
        "platecarrierpouches_camo": 0,
        "prisonuniformpants": 75,
        "expansion_flag_poland": 75,
        "mmg_tactical_gloves_green": 0,
        "brisketspread": 75,
        "cargopants_grey": 75,
        "expansion_awm": 0,
        "expansionammorpg": 0,
        "firefightershelmet_red": 0,
        "mackerel": 75,
        "mmg_striker_helmet_multicam": 0,
        "ij_2715_rf_green": 0,
        "pumpkinseeds": 0,
        "saltysticks": 1,
        "militaryberet_chdkz": 1,
        "mmg_mk_v_armor_black": 0,
        "mmg_mk5_grenade_pouch_multicamblack": 0,
        "mag_308winsnaploader_2rnd": 0,
        "armband_apa": 0,
        "ammo_expansion_m203_sticky_smoke_purple": 0,
        "breeches_green": 1,
        "minidress_greenchecker": 75,
        "childbag_green": 75,
        "zis5_benzovoz_doors_codriver": 0,
        "mmg_carrier_backpack_multicamblack": 0,
        "expansion_m18smokegrenade_teargas": 0,
        "sks_bayonet": 1,
        "ammo_expansion_46x30": 0,
        "taloonbag_violet": 1,
        "mmg_double_magpouch_alpine": 0,
        "uaz_3163_wheel": 0,
        "cargopants_beige": 75,
        "mag_ruger1022_15rnd": 1,
        "ij_2125_kombi_doors_trunk_red": 0,
        "expansionspraycanredrust": 0,
        "mmg_patch_rubber_punisher": 0,
        "porkcan": 75,
        "truck_01_door_2_1_blue": 75,
        "skirt_white": 1,
        "pajka": 1,
        "mmg_holster_multicam": 0,
        "starlightoptic": 0,
        "mmg_facemask_ucp": 0,
        "mmg_boots_multicam_tropic": 0,
        "expansion_flag_czechia": 75,
        "flag_cdf": 75,
        "tunacan": 1,
        "expansiontacticalglovesdesert": 0,
        "tt870": 0,
        "quiltedjacket_red": 1,
        "gaz_m20_doors_codriver_blue": 0,
        "mmg_striker_helmet_multicamblack": 0,
        "mmg_mk5_utility_pouch_ucp": 0,
        "mmg_combatpants_police": 0,
        "expansionspraycanbanditkitty": 0,
        "shirt_redcheck": 75,
        "uaz_27722_mchs_doors_trunk1": 0,
        "mmg_mmps_bag_atacs_black": 0,
        "mag_pp19_64rnd": 75,
        "sedan_02_wheel": 75,
        "militaryberet_un": 0,
        "mmg_tt_vest_police": 0,
        "dirtbikehelmet_black": 0,
        "kitchentimer": 0,
        "roadflare": 0,
        "mmg_ammo_pouch_ucp": 0,
        "medicalscrubsshirt_green": 75,
        "mmg_patch_rubber_switzerland": 0,
        "amanitamushroom": 75,
        "hockeyhelmet_white": 1,
        "mmg_tactical_helmet_multicamblack": 0,
        "canvaspantsmidi_beige": 75,
        "mmg_ammo_pouch_multicam_tropic": 0,
        "mercedes_g4_w31_doors_cargo1": 0,
        "expansion_flag_japan": 75,
        "expansionspraycanuh1hresistance": 0,
        "expansionvodnikwheel": 71,
        "quiltedjacket_yellow": 1,
        "expansion_flag_doubleaxe": 75,
        "pepperseeds": 0,
        "armband_brainz": 0,
        "armband_refuge": 0,
        "mmg_boots_multicamblack": 0,
        "mmg_patch_rubber_rangers": 0,
        "gorkapants_summer": 75,
        "sickle": 1,
        "mmg_mmps_bag_multicam": 0,
        "slouch_hat_brown": 1,
        "m67grenade": 0,
        "mmg_camelback_multicamblack": 0,
        "personalradio": 0,
        "esp_m110": 0,
        "hatchet": 1,
        "expansion_flag_sicily": 75,
        "mmg_tactical_pants_tan": 0,
        "gaz_m20_white": 0,
        "expansion_flag_biohazard": 75,
        "mmg_bottle_multicam": 0,
        "joggingshoes_red": 1,
        "mmg_tactical_shirt_alpine": 0,
        "headtorch_grey": 0,
        "civsedandoors_backright": 1,
        "civsedandoors_backleft_black": 75,
        "armband_altis": 0,
        "slackspants_beige": 1,
        "ttmauser1914": 0,
        "cattleprod": 0,
        "constructionhelmet_red": 0,
        "mag_vss_10rnd": 1,
        "nvgoggles": 0,
        "sedan_02_trunk_red": 75,
        "mmg_supplybag_multicam_tropic": 0,
        "engraved1911": 1,
        "flag_babydeer": 1,
        "kavz685_rf_green": 0,
        "officerhat": 0,
        "gaz_33081_doors_codriver": 0,
        "thinframesglasses": 1,
        "zil_131_doors_trunk": 0,
        "sardinescan": 1,
        "gaz_m20_doors_codriver_red": 0,
        "militaryboots_black": 75,
        "breeches_black": 75,
        "quiltedjacket_black": 1,
        "gaz_3110_volga_doors_hood": 0,
        "expansion_flag_cdf": 75,
        "mansuit_brown": 1,
        "mmg_tactical_pouch_multicamblack": 0,
        "mmg_mk_iii_armor_tan": 0,
        "sheepsteakmeat": 75,
        "ammobox_357_20rnd": 1,
        "gardenlime": 0,
        "mmg_mk5_utility_pouch_dark_woodland": 0,
        "mmg_patch_rubber_bulgaria": 0,
        "ukassvest_black": 1,
        "booniehat_flecktran": 0,
        "flashlight": 0,
        "canvaspants_grey": 75,
        "mmg_armored_helmet_tan": 0,
        "ammo_expansion_m203_smoke_teargas": 0,
        "ij_2125_kombi_green": 0,
        "shirt_planeblack": 1,
        "flag_bear": 1,
        "mmg_supplybag_tan": 0,
        "offroad_02_door_2_1": 0,
        "paz_672_wheeldouble": 0,
        "m9a1_bayonet": 1,
        "colt1911": 1,
        "mmg_carbine_black": 0,
        "blouse_blue": 75,
        "mmg_chestrig_green": 0,
        "ij_2125_kombi_doors_codriver_red": 0,
        "m65jacket_olive": 75,
        "izh18shotgun": 0,
        "mmg_balaclava_alpine": 0,
        "paramedicjacket_green": 75,
        "mag_expansion_awm_5rnd": 1,
        "mansuit_black": 1,
        "tshirt_beige": 1,
        "mmg_operatorshirt_ucp": 0,
        "nursedress_blue": 75,
        "m4_t3nrdsoptic": 1,
        "armband_rsta": 0,
        "gaz_3110_volga_doors_cargo2_black": 0,
        "largetent": 1,
        "gaz_m20": 0,
        "paz_672_doors_hood": 0,
        "civsedanhood_black": 75,
        "mmg_ammo_pouch_dark_woodland": 0,
        "mmg_tac_goggles_red_tan": 0,
        "mmg_tt_vest_tan": 0,
        "cowboyhat_black": 1,
        "shemagh_scarf_brown": 0,
        "mmg_balaclava_erdl": 0,
        "mmg_combatshirt_erdl": 0,
        "mag_stanag_30rnd": 1,
        "crossbow_wood": 0,
        "expansion_flag_red": 75,
        "firefightershelmet_white": 0,
        "mercedes_g4_w31_wheel": 0,
        "bandana_redpattern": 1,
        "expansion_mh6_door_1_1": 1,
        "expansion_mh6_door_1_2": 75,
        "zucchiniseeds": 0,
        "assaultbag_green": 1,
        "expansion_landrover_wheel": 75,
        "ij_2125_kombi_doors_driver_green": 0,
        "expansion_m9": 1,
        "mmg_triple_magpouch_multicam_tropic": 0,
        "expansion_flag_norway": 75,
        "mmg_mmps_bag_dark_woodland": 0,
        "mmg_holster_dark_woodland": 0,
        "mmg_med_pouch_multicamblack": 0,
        "whetstone": 1,
        "mmg_balaclava_multicam": 0,
        "bakedbeanscan": 1,
        "mmg_ammo_pouch_olive": 0,
        "huntingbag": 1,
        "uaz_3163_doors_cargo1": 0,
        "mag_cmag_10rnd": 1,
        "expansion_flag_anyoneincherno": 75,
        "armband_livoniaarmy": 0,
        "hikingjacket_green": 1,
        "mmg_mag_pouch_multicam": 0,
        "medicalscrubspants_green": 75,
        "minidress_pinkchecker": 75,
        "mmg_chestrig_tan": 0,
        "mmg_tt_vest_multicamblack": 0,
        "mmg_tactical_gloves_tan": 0,
        "expansionmerlinfrontwheel": 1,
        "mansuit_white": 1,
        "mmg_ballistic_earcover_alpine": 0,
        "skatehelmet_black": 1,
        "mmg_operatorshirt_green": 0,
        "tt57mag": 0,
        "m4a1": 1,
        "ammobox_00buck_10rnd": 1,
        "nbchoodgray": 0,
        "ams_nbcpouch": 79,
        "m3a1_scout_car_doors_codriver": 0,
        "hatchbackwheel": 1,
        "mmg_facemask_black": 0,
        "sportglasses_blue": 1,
        "vbl_doors_trunk": 0,
        "mmg_combatshirt_ucp": 0,
        "mmg_falcon_b1_belt_multicamblack": 0,
        "shemagh_scarf_red": 0,
        "armband_dayz": 0,
        "alarmclock_green": 0,
        "fal_foldingbttstck": 1,
        "mmg_patch_rubber_bushcraft": 0,
        "zis5_benzovoz": 0,
        "layered_shirt_white": 0,
        "mmg_mk5_grenade_pouch_green": 0,
        "minidress_bluechecker": 75,
        "ammo_357": 1,
        "tacticalgloves_black": 1,
        "ruger1022": 1,
        "poncho_blackandwhite2": 0,
        "mmg_facemask_erdl": 0,
        "expansion_flag_newzealand": 75,
        "expansionspraycanmh6blueline": 0,
        "prisonuniformjacket": 75,
        "gaz_m20_doors_cargo2_green": 0,
        "xmaslights": 0,
        "firefighterjacket_black": 1,
        "mmg_mmps_bag_black": 0,
        "469_milicia": 0,
        "tracksuitpants_blue": 75,
        "mag_mp5_15rnd": 1,
        "btr_80": 0,
        "shemagh_scarf_white": 0,
        "mmg_sheath_multicamblack": 0,
        "mag_ak101_30rnd": 1,
        "firefighterspants_black": 1,
        "militaryboots_brown": 75,
        "hatchbackhood_blue": 75,
        "mmg_mmps_bag_multicamblack": 0,
        "willys_mb_doors_hood": 0,
        "gaz_m20_doors_hood": 0,
        "universallight": 1,
        "alicebag_camo": 1,
        "mmg_double_magpouch_multicam_tropic": 0,
        "mmg_triple_magpouch_multicam": 0,
        "hatchback_02_door_1_1_black": 75,
        "sardines": 75,
        "armband_uec": 0,
        "mmg_ammo_pouch_erdl": 0,
        "expansion_flag_france": 75,
        "mmg_mk5_utility_pouch_green": 0,
        "mmg_sheath_ucp": 0,
        "mmg_camelback_alpine": 0,
        "mag_ssg82_5rnd": 0,
        "poncho_green": 0,
        "drybag_green": 75,
        "mmg_operatorshirt_multicam_tropic": 0,
        "camonetdesert": 1,
        "expansion_flag_canada": 75,
        "shirt_whitecheck": 1,
        "constructionhelmet_lime": 1,
        "handcuffkeys": 1,
        "heatpack": 1,
        "mmg_patch_rubber_eod": 0,
        "kavz685_rf_doors_driver_beige": 0,
        "electronicrepairkit": 0,
        "mag_expansion_mpx_50rnd": 1,
        "civsedandoors_backright_black": 75,
        "m4_carryhandleoptic": 1,
        "ij_2715_rf_doors_codriver_red": 0,
        "civsedandoors_codriver_wine": 75,
        "medievalboots": 0,
        "gaz_3110_volga_taxi_doors_hood": 0,
        "ammo_380": 1,
        "mmg_jpc_vest_multicam_tropic": 0,
        "ghilliesuit_woodland": 0,
        "broom": 1,
        "woolcoat_black": 75,
        "tt57tan": 0,
        "cowboyhat_brown": 0,
        "mag_clip762x39_10rnd": 0,
        "kavz685_rf_doors_cargo1_beige": 0,
        "ij_2715_rf_doors_codriver_green": 0,
        "civsedantrunk_wine": 75,
        "ij_2125_kombi_doors_hood": 0,
        "kneepads_jeans_base": 0,
        "mmg_mk_v_armor_green": 0,
        "m4_rishndgrd": 1,
        "m18smokegrenade_green": 0,
        "tacticalbaconcan": 75,
        "gaz_m20_doors_driver_red": 0,
        "hatchbackdoors_codriver_blue": 75,
        "expansionspraycanbusweeb": 0,
        "scout_livonia": 0,
        "armband_black": 1,
        "mkii": 1,
        "medium_sleeves_shirt_blue": 0,
        "expansion_flag_gibraltar": 0,
        "shemagh_facemask_brown": 0,
        "ttl35mag": 0,
        "truck_01_door_2_1": 1,
        "mmg_falcon_b1_belt_ucp": 0,
        "mmg_boots_dark_woodland": 0,
        "ij_2715_rf_doors_driver_green": 0,
        "apple": 75,
        "mmg_camelback_dark_woodland": 0,
        "camonetwinter": 1,
        "bomberjacket_black": 1,
        "flag_livonia": 75,
        "pleurotusmushroom": 75,
        "militaryboots_redpunk": 75,
        "mmg_boots_ucp": 0,
        "ammo_40mm_smoke_black": 0,
        "seachest": 1,
        "expansion_flag_rainbow": 75,
        "expansion_flag_finland": 75,
        "mmg_jpc_vest_tan": 0,
        "mag_ak74_45rnd": 1,
        "expansion_flag_white": 75,
        "mmg_bottle_olive": 0,
        "canvaspants_beige": 1,
        "megaphone": 0,
        "asval": 1,
        "expansionboltcutters": 75,
        "mag_stanagcoupled_30rnd": 1,
        "ammobox_380_35rnd": 1,
        "mmg_double_magpouch_black": 0,
        "platecarrierpouches_green": 0,
        "chainmail_leggings": 0,
        "expansion_flag_southkorea": 75,
        "nbcpantsgray": 75,
        "zmijovkacap_green": 1,
        "kavz685_rf_doors_driver": 0,
        "expansionsupplysignal": 0,
        "medicalscrubshat_white": 0,
        "uaz_31519_police_doors_hood": 0,
        "mmg_tactical_helmet_tan": 0,
        "mmg_mmps_bag_atacs_alpine": 0,
        "gorkapants_autumn": 1,
        "uaz_3962_doors_trunk": 0,
        "esp_g36c": 0,
        "glock19": 1,
        "expansion_kar98": 0,
        "athleticshoes_black": 75,
        "mmg_patch_rubber_sweden": 0,
        "combinationlock": 1,
        "mmg_triple_magpouch_tan": 0,
        "sedan_02_door_2_1_red": 75,
        "pear": 75,
        "baseballcap_blue": 1,
        "hatchback_02_door_1_2_black": 75,
        "motohelmet_red": 0,
        "civsedandoors_codriver": 1,
        "gaz_m20_doors_cargo1": 0,
        "gaz_m20_doors_cargo2": 0,
        "gaz_33081": 0,
        "mag_expansion_m14_10rnd": 1,
        "ukassvest_olive": 1,
        "flag_rooster": 75,
        "winchester70": 1,
        "expansion_m14": 1,
        "eyepatch_improvised": 0,
        "shemagh_scarf_green": 1,
        "expansionbus": 1,
        "uaz_27722_mchs_doors_codriver": 0,
        "mag_expansion_taser": 0,
        "flatcap_red": 0,
        "gaz_m20_red": 0,
        "sedan_02_door_1_1_grey": 75,
        "gaz_3110_volga_doors_driver": 0,
        "mmg_combatpants_black": 0,
        "eyemask_blue": 0,
        "hatchback_02_hood_black": 75,
        "paz_672": 0,
        "mmg_sheath_dark_woodland": 0,
        "expansionvodnik": 2,
        "expansion_flag_srilanka": 0,
        "niva2329_doors_driver_camo": 0,
        "ij_2125_kombi_doors_cargo1": 0,
        "ij_2125_kombi_doors_cargo2": 0,
        "gaz_m20_doors_cargo1_blue": 0,
        "ak_woodhndgrd": 1,
        "woolgloves_black": 0,
        "mmg_balaclava_dark_woodland": 0,
        "shemagh_facemask_white": 0,
        "huntingvest": 1,
        "eyemask_black": 0,
        "skirt_yellow": 1,
        "expansionkeychain_green": 75,
        "expansionuh1hdoor_1_1": 75,
        "mmg_armored_helmet_black": 0,
        "mmg_mk5_grenade_pouch_erdl": 0,
        "platecarriervest_green": 0,
        "blouse_white": 75,
        "gaz_m20_doors_hood_black": 0,
        "rabbitlegmeat": 75,
        "expansion_crossbow": 1,
        "ammo_expansion_m203_smoke_red": 0,
        "balaclava3holes_blue": 0,
        "zis5_benzovoz_wheeldouble": 0,
        "gaz_m20_doors_cargo1_black": 0,
        "uaz_31519_police_doors_trunk": 0,
        "nursedress_white": 75,
        "crossbow_autumn": 0,
        "remotedetonatortrigger": 0,
        "ij_2715_rf_doors_cargo1_green": 0,
        "scout": 1,
        "ttak458_gold": 0,
        "ammo_expansion_m203_smoke_green": 0,
        "expansion_flag_yellow": 75,
        "nailedbaseballbat": 0,
        "darkmotohelmet_green": 1,
        "mountainbag_blue": 75,
        "hatchbackhood": 1,
        "expansionspraycanyellowrust": 0,
        "sedan_02_door_1_2_grey": 75,
        "mmg_mmps_bag_atacs_green": 0,
        "flag_wolf": 75,
        "rope": 1,
        "militaryboots_beige": 75,
        "tannedleather": 75,
        "mmg_combatshirt_multicam": 0,
        "expansionspraycanmh6graywatcher": 0,
        "truck_01_door_1_1_blue": 75,
        "canvaspantsmidi_violet": 75,
        "gaz_66_doors_codriver": 0,
        "expansion_flag_switzerland": 75,
        "mmg_tac_goggles_red_black": 0,
        "surgicalgloves_green": 0,
        "shirt_bluecheck": 1,
        "barrel_green": 75,
        "paramedicpants_crimson": 75,
        "motohelmet_blue": 0,
        "firefighterspants_beige": 75,
        "gorkahelmet_black": 0,
        "mag_cmag_30rnd": 1,
        "mich2001helmet": 1,
        "expansionuh1hdoor_1_2": 75,
        "expansion_flag_usa": 75,
        "medicalscrubsshirt_blue": 75,
        "niva2329_doors_trunk_camo": 0,
        "hatchbackdoors_driver_blue": 75,
        "mercedes_g4_w31_doors_codriver": 0,
        "mmg_balaclava_multicamblack": 0,
        "armband_cdf": 0,
        "nylonknifesheath": 1,
        "minidress_redchecker": 75,
        "nbchoodyellow": 0,
        "expansionspraycanmh6sheriff": 0,
        "mmg_chestrig_alpine": 0,
        "mansuit_beige": 1,
        "golden_winged_pin": 0,
        "mmg_jpc_vest_alpine": 0,
        "vbl": 0,
        "wellies_black": 75,
        "mmg_boonie_multicam": 0,
        "flag_rex": 0,
        "cargopants_green": 75,
        "carp": 75,
        "expansion_landrover": 2,
        "sneakers_black": 1,
        "sodacan_fronta": 1,
        "expansion_flag_scotland": 75,
        "mmg_falcon_b1_belt_black": 0,
        "armband_ssahrani": 0,
        "armband_livonia": 0,
        "goatpelt": 0,
        "gaz_66_doors_trunk": 0,
        "athleticshoes_brown": 1,
        "womansuit_lightgrey": 1,
        "ammo_308win": 1,
        "armband_hunterz": 0,
        "nbcbootsgray": 75,
        "mmg_ammo_pouch_alpine": 0,
        "flag_white": 75,
        "skatehelmet_blue": 1,
        "mmg_ammo_pouch_multicam": 0,
        "beaniehat_black": 1,
        "nbcglovesgray": 0,
        "mmg_tt_vest_mutlicam": 0,
        "mmg_boonie_black": 0,
        "dirtbikehelmet_visor": 1,
        "smershbag": 1,
        "civsedandoors_codriver_black": 75,
        "dressshoes_sunburst": 75,
        "mmg_patch_rubber_bushcraft1": 0,
        "quiltedjacket_orange": 1,
        "baseballcap_pink": 1,
        "ams_bandagebox": 75,
        "ij_2125_kombi_doors_codriver_green": 0,
        "uaz_3163_doors_codriver": 0,
        "mmg_mmps_bag_erdl": 0,
        "peachescan": 1,
        "barrelholes_red": 75,
        "dogfoodcan": 1,
        "mmg_facemask_multicam": 0,
        "improvisedexplosive": 0,
        "ams_energy": 82,
        "ij_2715_rf_doors_cargo1_red": 0,
        "armband_white": 0,
        "ammo_flarered": 0,
        "platecarrierholster": 1,
        "flag_chernarus": 75,
        "gaz_m20_doors_hood_red": 0,
        "mag_cz550_4rnd": 75,
        "hockeymask": 1,
        "flashgrenade": 0,
        "eyemask_dead": 0,
        "btr_80_doors_cargo1_camo2": 0,
        "expansionspraycanmh6wasp": 0,
        "expansion_flag_russia": 75,
        "mp5_railhndgrd": 1,
        "expansionspraycanred": 0,
        "ammo_762x54tracer": 1,
        "mmg_mk5_grenade_pouch_multicam_tropic": 0,
        "sodacan_cola": 1,
        "magnum": 1,
        "kavz685_rf_doors_trunk": 0,
        "ij_2125_kombi_doors_codriver": 0,
        "ammo_40mm_smoke_white": 0,
        "crossbow_summer": 0,
        "denimjacket": 1,
        "tracksuitjacket_green": 1,
        "canopener": 1,
        "mmg_carbine_grey": 0,
        "paz_672_doors_driver": 0,
        "mmg_tactical_shirt_tan": 0,
        "expansion_flag_orange": 75,
        "paramedicpants_blue": 75,
        "gaz_33081_wheel": 0,
        "eyemask_christmas": 0,
        "workinggloves_brown": 1,
        "rice": 75,
        "mmg_mk5_grenade_pouch_alpine": 0,
        "ammo_12gapellets": 1,
        "tracksuitjacket_red": 1,
        "button_pin_daisy": 0,
        "hunterpants_winter": 1,
        "firefighterjacket_beige": 75,
        "gaz_3110_volga_black": 0,
        "flag_napa": 75,
        "mmg_tactical_pants_ucp": 0,
        "motohelmet_black": 0,
        "aek": 0,
        "mmg_holster_ucp": 0,
        "brassknuckles_dull": 1,
        "gaz_66_doors_driver": 0,
        "mmg_jpc_vest_multicamblack": 0,
        "ak_suppressor": 1,
        "flatcap_black": 1,
        "medicalscrubshat_blue": 0,
        "tshirt_red": 75,
        "mmg_balaclava_tan": 0,
        "pen_black": 75,
        "hatchbacktrunk_blue": 75,
        "expansionspraycanlightgreen": 0,
        "tortillabag": 1,
        "goatsteakmeat": 75,
        "pp19": 75,
        "b95": 1,
        "mag_cz61_20rnd": 1,
        "ij_2125_kombi_doors_codriver_beg": 0,
        "mmg_supplybag_dark_woodland": 0,
        "hikingbootslow_black": 1,
        "expansionspraycanmh6wave": 0,
        "mmg_patch_rubber_mex": 0,
        "mmg_balaclava_black": 0,
        "tt_derringer": 0,
        "niva2329": 0,
        "niva2329_wheel": 0,
        "izh18": 1,
        "ij_2125_kombi_doors_cargo1_red": 0,
        "mmg_combatshirt_green": 0,
        "mp5k_stockbttstck": 1,
        "mag_mp5_30rnd": 1,
        "mmg_mk_iii_armor_multicam_tropic": 0,
        "grenade_chemgas": 0,
        "expansionkeychain_grey": 75,
        "gaz_3110_volga_doors_codriver": 0,
        "breeches_blackcheck": 1,
        "pipewrench": 1,
        "gaz_3110_volga_doors_driver_white": 0,
        "ghilliebushrag_mossy": 1,
        "expansionspraycanwinerust": 0,
        "mmg_tactical_shirt_multicam_tropic": 0,
        "dirtbikehelmet_chernarus": 0,
        "mmg_mmps_bag_atacs_ucp": 0,
        "tshirt_green": 75,
        "mmg_operatorshirt_dark_woodland": 0,
        "mmg_combatshirt_black": 0,
        "mmg_patch_rubber_netherlands": 0,
        "mmg_patch_rubber_germany": 0,
        "expansionbread1": 1,
        "expansionbread2": 75,
        "gaz_m20_doors_driver_black": 0,
        "woolcoat_beige": 1,
        "skirt_blue": 75,
        "expansion_ammo_taser": 0,
        "expansioncoyoteblack": 75,
        "ak_plasticbttstck": 1,
        "slackspants_darkgrey": 1,
        "mmg_bottle_ucp": 0,
        "fangeknife": 1,
        "mmg_jpc_vest_multicam": 0,
        "mmg_mk5_utility_pouch_erdl": 0,
        "shortjeans_green": 1,
        "partytent_blue": 1,
        "gaz_m20_doors_hood_white": 0,
        "truck_01_door_2_1_orange": 1,
        "womansuit_black": 1,
        "mmg_mk_v_armor_multicamblack": 0,
        "mmg_mag_pouch_black": 0,
        "ballerinas_white": 75,
        "athleticshoes_blue": 75,
        "bloodtestkit": 1,
        "mmg_combatpants_olive": 0,
        "camonet": 75,
        "gaz_m20_doors_driver_green": 0,
        "expansion_flag_offwithhead": 75,
        "cz75": 1,
        "jeans_black": 1,
        "gorkaejacket_summer": 1,
        "beaniehat_brown": 0,
        "constructionhelmet_yellow": 0,
        "ridersjacket_black": 1,
        "makarovij70": 1,
        "zucchini": 75,
        "ams_gasmaskgp21_filter": 71,
        "kavz685_rf_doors_cargo1_red": 0,
        "platecarrierholster_camo": 0,
        "flag_cannibals": 75,
        "expansioncowboyhatgator": 0,
        "chemlight_yellow": 0,
        "mmg_tt_vest_ucp": 0,
        "chemlight_green": 0,
        "skullmask": 1,
        "ushanka_green": 0,
        "truckbattery": 1,
        "mmg_holster_multicamblack": 0,
        "hatchback_02": 1,
        "expansion_kar98_bayonet": 0,
        "mmg_nbc_pouch": 0,
        "mmg_patch_rubber_ukraine": 0,
        "darkmotohelmet_lime": 1,
        "hatchback_02_door_2_1_black": 75,
        "mosin_compensator": 1,
        "medicalscrubspants_white": 75,
        "m4_mpbttstck": 1,
        "zil_131_tent": 0,
        "longhorn": 75,
        "ammobox_556x45_20rnd": 1,
        "bandana_polkapattern": 1,
        "anticheminjector": 75,
        "mediumtent": 1,
        "gorkapants_flat": 75,
        "cargopants_blue": 1,
        "mmg_mag_pouch_multicamblack": 0,
        "greathelm": 1,
        "airbornemask": 0,
        "tacticalshirt_black": 75,
        "kazuaroptic": 1,
        "pen_green": 1,
        "ukassvest_camo": 1,
        "shemagh_bandit_white": 0,
        "niva2329_camo": 0,
        "jumpsuitjacket_blue": 75,
        "mmg_headphones_black": 0,
        "ij_2125_kombi_doors_driver_orange": 0,
        "mmg_armored_helmet_visor_green": 0,
        "drybag_red": 1,
        "mmg_holster_green": 0,
        "ammo_40mm_smoke_red": 0,
        "mmg_camelback_green": 0,
        "gorkaejacket_autumn": 75,
        "mmg_camelback_multicam_tropic": 0,
        "mmg_med_pouch_ucp": 0,
        "medicalscrubspants_blue": 75,
        "mmg_sheath_multicam": 0,
        "mmg_tactical_gloves_alpine": 0,
        "mercedes_g4_w31_doors_cargo2": 0,
        "mmg_mmps_bag_alpine": 1,
        "mmg_mk5_grenade_pouch_ucp": 0,
        "gaz_3110_volga_taxi": 0,
        "weaponcleaningkit": 1,
        "mmg_med_pouch_multicam_tropic": 0,
        "coyotebag_brown": 1,
        "expansionlumber1_5": 75,
        "mmg_camelback_tan": 0,
        "fingerless_gloves_wool": 0,
        "hatchback_02_door_1_1_blue": 75,
        "raincoat_red": 1,
        "armband_bohemia": 0,
        "ammobox_556x45tracer_20rnd": 1,
        "shirt_bluecheckbright": 75,
        "weldingmask": 1,
        "mmg_striker_helmet_green": 0,
        "expansionspraycancamomedical": 0,
        "saiga": 1,
        "expansionkeychain_blue": 75,
        "hunterpants_spring": 75,
        "expansionsatchel": 0,
        "shortjeans_red": 75,
        "expansion_flag_southafrica": 75,
        "expansionvodnikdoordriver": 74,
        "sedan_02_hood_red": 75,
        "mmg_mmps_bag_multicam_tropic": 0,
        "kavz685_rf_wheel": 0,
        "baseballcap_red": 0,
        "mmg_tactical_shirt_multicam": 0,
        "expansioncamoboxkit": 1,
        "gaz_m20_doors_cargo2_black": 0,
        "red_leggings": 0,
        "mmg_falcon_b1_belt_olive": 0,
        "tracksuitjacket_blue": 1,
        "mmg_mmps_bag_ucp": 0,
        "gorkapants_pautrev": 75,
        "civsedandoors_backleft_wine": 75,
        "truck_01_hood": 1,
        "ural_375_1964_wheel": 0,
        "mediumtent_green": 1,
        "expansion_ammo_8mm": 0,
        "omnogloves_brown": 0,
        "boxcerealcrunchin": 1,
        "expansionlaw": 0,
        "ams_absorbent": 88,
        "headlighth7_box": 1,
        "expansion_longhorn": 0,
        "ammo_762x39tracer": 1,
        "expansionhelicopterbattery": 75,
        "ij_2715_rf_doors_cargo2_green": 0,
        "gaz_51_doors_driver": 0,
        "mmg_tactical_pants_atacs": 0,
        "ballistichelmet_black": 0,
        "mmg_sheath_mcb_digital": 0,
        "womansuit_brown": 75,
        "civsedanhood": 1,
        "boletusmushroom": 75,
        "ammobox_expansion_338_15rnd": 0,
        "sportglasses_green": 1,
        "jungleboots_brown": 75,
        "ammo_expansion_m203_smoke_white": 0,
        "auriculariamushroom": 75,
        "constructionhelmet_orange": 1,
        "ammo_45acp": 1,
        "mmg_ammo_pouch_tan": 0,
        "esp_m110_tan": 0,
        "mmg_mag_pouch_multicam_tropic": 0,
        "mmg_combatpants_erdl": 0,
        "famas": 0,
        "cz61": 1,
        "jeans_brown": 1,
        "hatchback_02_door_2_2_black": 75,
        "expansionsafemini": 1,
        "orienteeringcompass": 0,
        "uaz_3962_doors_codriver": 0,
        "expansionigniterplug": 1,
        "latex_leggings": 0,
        "gaz_3110_volga_white": 0,
        "womansuit_beige": 1,
        "shemagh_bandit_brown": 0,
        "zagorkychocolate": 1,
        "gaz_51": 0,
        "woolcoat_greycheck": 75,
        "motohelmet_white": 0,
        "mmg_boots_alpine": 0,
        "uaz_3962_doors_trunk_green": 0,
        "darkmotohelmet_yellow": 0,
        "ammobox_762x54tracer_20rnd": 1,
        "buisoptic": 1,
        "winter_parka_white": 0,
        "mmg_mk5_grenade_pouch_multicam": 0,
        "kavz685_rf_doors_driver_red": 0,
        "bdujacket": 1,
        "radarcap_black": 0,
        "mmg_tt_vest_alpine": 0,
        "mmg_tactical_pants_alpine": 0,
        "mmg_triple_magpouch_dark_woodland": 0,
        "mmg_armored_helmet_visor_tan": 0,
        "macrolepiotamushroom": 1,
        "ij_2715_rf": 0,
        "ammobox_12gaslug_10rnd": 1,
        "mmg_tactical_helmet_multicam_tropic": 0,
        "gaz_33081_doors_driver": 0,
        "armband_bear": 0,
        "chainmail": 0,
        "gaz_66": 0,
        "mag_deagle_9rnd": 1,
        "expansionspraycanmerlinion": 0,
        "mmg_tactical_pants_multicam_tropic": 0,
        "uaz_3163_doors_hood": 0,
        "m4_suppressor": 1,
        "beaniehat_grey": 1,
        "huntingjacket_winter": 1,
        "huntingjacket_brown": 1,
        "mmg_facemask_multicamblack": 0,
        "expansion_m16": 1,
        "mmg_camelback_erdl": 0,
        "hatchback_02_hood": 75,
        "ttl35": 0,
        "ij_2715_rf_red": 0,
        "gaz_3110_volga_doors_trunk": 0,
        "ghilliebushrag_woodland": 0,
        "esp_m110_green": 0,
        "mmg_patch_rubber_livonia_special": 0,
        "mmg_operatorshirt_erdl": 0,
        "mag_svd_10rnd": 1,
        "baseballbat": 1,
        "mmg_headphones_ucp": 0,
        "mmg_mk_v_armor_tan": 0,
        "mmg_bottle_black": 0,
        "antipestsspray": 75,
        "expansioncowboyhatsnake": 0,
        "beaniehat_beige": 0,
        "expansion_flag_uk": 75,
        "expansion_flag_latvia": 75,
        "workingboots_brown": 1,
        "expansion_flag_un": 75,
        "ammobox_expansion_46x30_25rnd": 0,
        "ttp90mag": 0,
        "zmijovkacap_red": 0,
        "shortjeans_darkblue": 1,
        "mmg_balaclava_olive": 0,
        "flag_uec": 75,
        "dirtbikehelmet_green": 0,
        "gaz_m20_doors_cargo1_white": 0,
        "expansion_m1a": 0,
        "niva2329_doors_codriver_camo": 0,
        "offroad_02_trunk": 0,
        "mmg_chestrig_multicam_tropic": 0,
        "womansuit_white": 75,
        "ttskojacket_camo": 1,
        "expansion_g36": 1,
        "flag_cmc": 75,
        "fryingpan": 1,
        "flag_zenit": 75,
        "mag_expansion_mp7_40rnd": 0,
        "kavz685_rf_red": 0,
        "booniehat_dpm": 0,
        "fnx45": 1,
        "mmg_sheath_tan": 0,
        "mmg_patch_rubber_sniper1": 0,
        "armband_yellow": 0,
        "military_sweater_white": 0,
        "huntingjacket_spring": 1,
        "ij_2715_rf_doors_driver_red": 0,
        "shortjeans_blue": 75,
        "mmg_patch_rubber_austria1": 0,
        "jumpsuitjacket_red": 75,
        "truck_01_covered": 1,
        "mag_cmag_20rnd": 1,
        "mag_clip9x19_10rnd": 0,
        "workinggloves_beige": 1,
        "mmg_supplybag_multicamblack": 0,
        "expansionspraycanuh1hmedical": 0,
        "kavz685_rf_doors_cargo1": 0,
        "batterycharger": 0,
        "quiltedjacket_violet": 1,
        "ammo_556x45tracer": 1,
        "mmg_carrier_backpack_ucp": 0,
        "mmg_mk_v_armor_alpine": 0,
        "hikingjacket_red": 75,
        "civsedantrunk_black": 75,
        "mmg_tactical_helmet_erdl": 0,
        "jungleboots_olive": 75,
        "ammobox": 75,
        "bandana_blue": 0,
        "hammer": 1,
        "mmg_mk5_utility_pouch_black": 0,
        "kashtanoptic": 1,
        "mmg_mk5_grenade_pouch_tan": 0,
        "tacticalshirt_grey": 75,
        "skirt_red": 75,
        "partytent_brown": 75,
        "expansion_vityazsn": 1,
        "gaz_3110_volga_taxi_doors_codriver": 0,
        "mag_cz527_5rnd": 1,
        "hatchback_02_door_2_2_blue": 75,
        "mmg_carrier_backpack_multicam": 0,
        "flag_zagorky": 0,
        "pilotkacap": 1,
        "medicalscrubsshirt_white": 75,
        "mmg_mmps_bag_tan": 0,
        "mackerelfilletmeat": 75,
        "compass": 0,
        "kavz685_rf_doors_hood_beige": 0,
        "mmg_striker_helmet_black": 0,
        "expansionspraycanmerlindahoman": 0,
        "mmg_tactical_gloves_dark_woodland": 0,
        "mmg_combatshirt_alpine": 0,
        "hatchbacktrunk_white": 75,
        "kavz685_rf_doors_trunk_beige": 0,
        "farminghoe": 75,
        "tacticalgloves_beige": 1,
        "gpsreceiver": 0,
        "bomberjacket_maroon": 1,
        "minidress_brownchecker": 1,
        "mmg_boonie_alpine": 0,
        "darkmotohelmet_grey": 0,
        "mmg_falcon_b1_belt_alpine": 0,
        "mmg_jpc_vest_olive": 0,
        "kavz685_rf_doors_hood": 0,
        "armband_livoniapolice": 0,
        "mmg_patch_rubber_wales": 0,
        "jumpsuitjacket_green": 75,
        "ttm9": 0,
        "mmg_mk_iii_armor_dark_woodland": 0,
        "mmg_patch_rubber_cherno_special": 0,
        "mmg_tactical_gloves_ucp": 0,
        "expansion_flag_nuevorico": 75,
        "ttbar": 0,
        "usmcpants_woodland": 1,
        "mmg_mk_iii_armor_ucp": 0,
        "gorkahelmet": 0,
        "expansionmich2001desert": 0,
        "hacksaw": 1,
        "ammobox_12garubberslug_10rnd": 1,
        "mmg_carbine_green": 0,
        "mmg_tactical_pants_multicamblack": 0,
        "expansion_mh6_door_2_1": 75,
        "expansion_mh6_door_2_2": 75,
        "wellies_grey": 1,
        "radarcap_brown": 0,
        "mmg_supplybag_ucp": 0,
        "mmg_ballistic_earcover_black": 0,
        "expansionspraycanmerlinpresident": 0,
        "sewingkit": 1,
        "tankerhelmet": 0,
        "ttskoboots": 1,
        "expansionspraycanmh6elliptical": 0,
        "mmg_double_magpouch_multicamblack": 0,
        "zaz_968m_doors_driver": 0,
        "workingboots_beige": 75,
        "expansion_m79": 0,
        "binoculars": 0,
        "smallprotectorcase": 1,
        "gaz_3110_volga_doors_hood_black": 0,
        "hatchback_02_wheel": 1,
        "expansion_landrover_codriverdoor": 75,
        "psilocybemushroom": 75,
        "ttr700": 0,
        "cowboyhat_green": 1,
        "jumpsuitpants_grey": 1,
        "pen_blue": 75,
        "gaz_m20_doors_cargo2_white": 0,
        "mmg_double_magpouch_erdl": 0,
        "jungleboots_beige": 74,
        "sedan_02_door_1_1_red": 75,
        "mag_1911_7rnd": 1,
        "minidress_bluewithdots": 75,
        "dtt57blk": 0,
        "ammobox_22_50rnd": 1,
        "gaz_m20_doors_cargo2_blue": 0,
        "remotedetonator": 0,
        "wrench": 1,
        "mag_ump_25rnd": 1,
        "ghillieatt_tan": 0,
        "uaz_27722_mchs_doors_driver": 0,
        "canvaspantsmidi_red": 75,
        "bomberjacket_olive": 1,
        "breeches_red": 75,
        "derringer_black": 0,
        "m3a1_scout_car_wheel": 0,
        "smallgascanister": 1,
        "headtorch_black": 0,
        "shemagh_facemask_green": 0,
        "mmg_bottle_alpine": 0,
        "mmg_headphones_green": 0,
        "mmg_patch_rubber_uk": 0,
        "flag_snake": 75,
        "drybag_blue": 1,
        "mmg_tactical_gloves_multicam_tropic": 0,
        "platecarrierpouches": 1,
        "flag_chedaki": 75,
        "vitaminbottle": 1,
        "niva2329_doors_driver": 0,
        "flatcap_browncheck": 1,
        "blouse_green": 75,
        "mmg_supplybag_alpine": 0,
        "gaz_m20_doors_trunk": 0,
        "disinfectantspray": 1,
        "armband_orange": 0,
        "niva2329_doors_hood": 0,
        "gaz_m20_blue": 0,
        "mag_ij70_8rnd": 1,
        "ammo_expansion_m203_sticky_smoke_teargas": 0,
        "ij_2125_kombi_orange": 0,
        "dirtbikehelmet_blue": 0,
        "mace": 0,
        "sedan_02_trunk": 75,
        "tacticalgloves_green": 1,
        "mmg_chestrig_ucp": 0,
        "catfoodcan": 1,
        "skatehelmet_green": 0,
        "mmg_mk_v_armor_multicam": 0,
        "baseballcap_cmmg_black": 0,
        "taloonbag_blue": 1,
        "ij_2125_kombi_doors_hood_green": 0,
        "ttmakarov": 1,
        "armband_snake": 0,
        "tshirt_redblackstripes": 75,
        "truck_01_hood_blue": 75,
        "armband_tec": 0,
        "expansion_flag_grenade": 75,
        "hockeyhelmet_blue": 0,
        "flatcap_brown": 1,
        "mmg_assault_pack_mct": 0,
        "mercedes_g4_w31_doors_hood": 0,
        "bandana_pink": 0,
        "expansion_m1a_railatt": 0,
        "armband_babydeer": 0,
        "mmg_assault_pack_multicamblack": 0,
        "ams_splint": 73,
        "mmg_mmps_bag_green": 0,
        "nbcjacketgray": 75,
        "ak74_hndgrd": 1,
        "mmg_boots_multicam": 0,
        "zagorky": 1,
        "expansiondeltapointoptic": 0,
        "metalplate": 75,
        "mmg_combatpants_multicamblack": 0,
        "ij_2715_rf_wheel": 0,
        "expansionspraycanmh6jeans": 0,
        "mp5_compensator": 1,
        "pmk_5a_gas_mask": 0,
        "mmg_tactical_pouch_multicam_tropic": 0,
        "fal": 1,
        "skatehelmet_red": 0,
        "willys_mb": 0,
        "hatchback_02_door_1_2": 75,
        "ak_bayonet": 1,
        "hikingbootslow_beige": 1,
        "flag_apa": 75,
        "mp5k": 1,
        "pigsteakmeat": 1,
        "expansion_flag_china": 75,
        "hatchback_02_door_1_1": 75,
        "uaz_469_milicia_wheel": 0,
        "hikingjacket_blue": 1,
        "offroad_02_door_1_2": 0,
        "platecarrierholster_black": 0,
        "kneepads_jeans_black": 0
    }
}