{
    "m_Version": 6,
    "m_DisplayName": "World Trader Zone",
    "Position": [
        7500.0,
        0.0,
        7500.0
    ],
    "Radius": 15000.0,
    "BuyPricePercent": 100.0,
    "SellPricePercent": -1.0,
    "Stock": {
        "aviatorglasses": 0,
        "booniehat_blue": 0,
        "woolglovesfingerless_tan": 0,
        "darkmotohelmet_red": 0,
        "mag_expansion_mp7_40rnd": 0,
        "mag_saiga_8rnd": 0,
        "ghilliehood_tan": 0,
        "platecarriervest_camo": 0,
        "platecarriervest": 0,
        "armband_nsahrani": 0,
        "flatcap_grey": 0,
        "mp5_plastichndgrd": 0,
        "ammo_762x54tracer": 0,
        "bandana_blackpattern": 0,
        "mag_ruger1022_30rnd": 0,
        "puscopeoptic": 0,
        "balaclavamask_blue": 0,
        "armband_dayz": 0,
        "armband_yellow": 0,
        "pso11optic": 0,
        "ak_plastichndgrd": 0,
        "skatehelmet_blue": 0,
        "mag_expansion_m14_20rnd": 0,
        "beaniehat_black": 0,
        "nbcglovesgray": 0,
        "mountainbag_orange": 0,
        "mag_expansion_vityaz_30rnd": 0,
        "mag_glock_15rnd": 0,
        "dirtbikehelmet_visor": 0,
        "smershbag": 0,
        "ammo_556x45": 0,
        "assaultbag_black": 0,
        "chestplate": 0,
        "gp5gasmask": 0,
        "nioshfacemask": 0,
        "militaryberet_cdf": 0,
        "ghillieatt_mossy": 0,
        "ghillieatt_woodland": 0,
        "expansionreflexmrsoptic": 0,
        "balaclavamask_black": 0,
        "mag_famas_25rnd": 0,
        "armband_white": 0,
        "zmijovkacap_brown": 0,
        "platecarrierholster": 0,
        "mag_p1_8rnd": 0,
        "hockeymask": 0,
        "balaclava3holes_beige": 0,
        "baseballcap_beige": 0,
        "armband_rooster": 0,
        "armband_green": 0,
        "dirtbikehelmet_red": 0,
        "buisoptic": 0,
        "ghillietop_tan": 0,
        "mp5_railhndgrd": 0,
        "sportglasses_black": 0,
        "huntingvest": 0,
        "firefightershelmet_yellow": 0,
        "surgicalmask": 0,
        "armband_wolf": 0,
        "pistoloptic": 0,
        "childbag_red": 0,
        "booniehat_navyblue": 0,
        "platecarrierpouches_camo": 0,
        "ammo_308win": 0,
        "dirtbikehelmet_police": 0,
        "ak_foldingbttstck": 0,
        "m68optic": 0,
        "tacticalgloves_beige": 0,
        "armband_hunterz": 0,
        "ammo_545x39tracer": 0,
        "ammo_12gapellets": 0,
        "drybag_red": 0,
        "taloonbag_green": 0,
        "highcapacityvest_black": 0,
        "expansioncowboyhatrattlesnake": 0,
        "expansion_pmii25optic": 0,
        "armband_chernarus": 0,
        "bandana_greenpattern": 0,
        "militaryberet_chdkz": 0,
        "mag_deagle_9rnd": 0,
        "motohelmet_black": 0,
        "mag_expansion_kedr_20rnd": 0,
        "booniehat_flecktran": 0,
        "ak_suppressor": 0,
        "armband_apa": 0,
        "zsh3pilothelmet_green": 0,
        "ttl35mag": 0,
        "sportglasses_blue": 0,
        "childbag_green": 0,
        "armband_tec": 0,
        "m4_cqbbttstck": 0,
        "constructionhelmet_blue": 0,
        "sks_bayonet": 0,
        "mosin_bayonet": 0,
        "drybag_yellow": 0,
        "tortillabag": 0,
        "mag_cz61_20rnd": 0,
        "designerglasses": 0,
        "armband_chel": 0,
        "mag_cmag_40rnd": 0,
        "huntingbag": 0,
        "ak_woodbttstck": 0,
        "fnp45_mrdsoptic": 0,
        "starlightoptic": 0,
        "ammo_308wintracer": 0,
        "woolglovesfingerless_black": 0,
        "surgicalgloves_blue": 0,
        "mp5k_stockbttstck": 0,
        "mag_mp5_30rnd": 0,
        "workinggloves_brown": 0,
        "mag_ak74_30rnd": 0,
        "expansiontacticalglovesdesert": 0,
        "ghilliebushrag_mossy": 0,
        "flatcap_blue": 0,
        "mag_clip762x54_5rnd": 0,
        "baseballcap_pink": 0,
        "drybag_black": 0,
        "woolgloves_white": 0,
        "mountainbag_red": 0,
        "militaryberet_un": 0,
        "pso1optic": 0,
        "dirtbikehelmet_black": 0,
        "balaclavamask_blackskull": 0,
        "zmijovkacap_green": 0,
        "expansioncoyoteblack": 0,
        "ak_plasticbttstck": 0,
        "mag_pp19_64rnd": 0,
        "mag_akm_30rnd": 0,
        "ghillietop_mossy": 0,
        "hockeyhelmet_white": 0,
        "mag_expansion_g36_30rnd": 0,
        "mag_expansion_taser": 0,
        "skatehelmet_red": 0,
        "tlrlight": 0,
        "hockeyhelmet_red": 0,
        "armband_brainz": 0,
        "mag_ak101_30rnd": 0,
        "baseballcap_camo": 0,
        "mag_fnx45_15rnd": 0,
        "beaniehat_brown": 0,
        "constructionhelmet_yellow": 0,
        "pressvest_blue": 0,
        "huntingoptic": 0,
        "expansionexps3holooptic": 0,
        "balaclavamask_pink": 0,
        "hockeyhelmet_blue": 0,
        "expansioncowboyhatgator": 0,
        "ttr700mag": 0,
        "tt57mag": 0,
        "ammo_expansion_46x30": 0,
        "ushanka_green": 0,
        "motohelmet_lime": 0,
        "nylonknifesheath": 0,
        "expansion_kar98_bayonet": 0,
        "prisonercap": 0,
        "darkmotohelmet_lime": 0,
        "constructionhelmet_red": 0,
        "mag_cz75_15rnd": 0,
        "ammo_545x39": 0,
        "mosin_compensator": 0,
        "armband_ssahrani": 0,
        "nvgheadstrap": 0,
        "m4_mpbttstck": 0,
        "mag_saiga_drum20rnd": 0,
        "bandana_polkapattern": 0,
        "kobraoptic": 0,
        "mag_clip9x19_10rnd": 0,
        "officerhat": 0,
        "armband_napa": 0,
        "thinframesglasses": 0,
        "greathelm": 0,
        "airbornemask": 0,
        "flatcap_red": 0,
        "ukassvest_camo": 0,
        "norsehelm": 0,
        "childbag_blue": 0,
        "chestholster": 0,
        "gorkahelmet": 0,
        "ukassvest_black": 0,
        "beaniehat_pink": 0,
        "platecarrierholster_green": 0,
        "baseballcap_red": 0,
        "eyemask_red": 0,
        "assaultbag_ttsko": 0,
        "workinggloves_yellow": 0,
        "m9a1_bayonet": 0,
        "baseballcap_cmmg_pink": 0,
        "drybag_orange": 0,
        "flatcap_brown": 0,
        "mag_expansion_awm_5rnd": 0,
        "alicebag_black": 0,
        "armband_cdf": 0,
        "m4_t3nrdsoptic": 0,
        "armband_rsta": 0,
        "ammo_22": 0,
        "booniehat_black": 0,
        "weldingmask": 0,
        "ballistichelmet_un": 0,
        "cowboyhat_black": 0,
        "beaniehat_green": 0,
        "mag_stanag_30rnd": 0,
        "motohelmet_red": 0,
        "mountainbag_green": 0,
        "firefightershelmet_white": 0,
        "bandana_redpattern": 0,
        "assaultbag_green": 0,
        "firefightershelmet_red": 0,
        "expansionhamroptic": 0,
        "balaclavamask_white": 0,
        "omnogloves_brown": 0,
        "motohelmet_yellow": 0,
        "jmc_prototype_mag": 0,
        "platecarriervest_black": 0,
        "bandana_yellow": 0,
        "balaclavamask_green": 0,
        "ammo_762x39tracer": 0,
        "armband_cannibals": 0,
        "booniehat_orange": 0,
        "zmijovkacap_blue": 0,
        "mag_scout_5rnd": 0,
        "mag_cmag_10rnd": 0,
        "armband_livoniaarmy": 0,
        "reflexvest": 0,
        "ballistichelmet_black": 0,
        "reflexoptic": 0,
        "acogoptic_6x": 0,
        "armband_red": 0,
        "sportglasses_green": 0,
        "booniehat_tan": 0,
        "armband_uec": 0,
        "ammo_45acp": 0,
        "skatehelmet_black": 0,
        "darkmotohelmet_black": 0,
        "balaclava3holes_black": 0,
        "baseballcap_black": 0,
        "alicebag_camo": 0,
        "skatehelmet_gray": 0,
        "cowboyhat_darkbrown": 0,
        "policevest": 0,
        "mag_ssg82_5rnd": 0,
        "flatcap_black": 0,
        "constructionhelmet_lime": 0,
        "ak74_woodbttstck": 0,
        "armband_altis": 0,
        "motohelmet_white": 0,
        "eyemask_newyears": 0,
        "armband_babydeer": 0,
        "fal_foldingbttstck": 0,
        "taloonbag_orange": 0,
        "ammo_556x45tracer": 0,
        "dirtbikehelmet_chernarus": 0,
        "armband_bohemia": 0,
        "mag_1911_7rnd": 0,
        "constructionhelmet_orange": 0,
        "radarcap_blue": 0,
        "armband_livonia": 0,
        "ammo_357": 0,
        "tacticalgloves_black": 0,
        "zsh3pilothelmet": 0,
        "surgicalgloves_lightblue": 0,
        "ghilliehood_woodland": 0,
        "taloonbag_violet": 0,
        "armband_bear": 0,
        "tacticalgoggles": 0,
        "medicalscrubshat_white": 0,
        "ammo_9x19": 0,
        "ak_woodhndgrd": 0,
        "ghilliesuit_tan": 0,
        "m4_suppressor": 0,
        "expansion_ammo_taser": 0,
        "medicalscrubshat_green": 0,
        "beaniehat_red": 0,
        "darkmotohelmet_yellowscarred": 0,
        "universallight": 0,
        "omnogloves_gray": 0,
        "woolglovesfingerless_green": 0,
        "ghillieatt_tan": 0,
        "fal_oebttstck": 0,
        "mag_ruger1022_15rnd": 0,
        "ghilliebushrag_woodland": 0,
        "eyemask_black": 0,
        "policecap": 0,
        "ak_railhndgrd": 0,
        "expansioncowboyhatsnake": 0,
        "beaniehat_beige": 0,
        "woolgloves_tan": 0,
        "drybag_green": 0,
        "ttp90mag": 0,
        "jmc_snowowl_mag": 0,
        "zmijovkacap_red": 0,
        "beaniehat_blue": 0,
        "dirtbikehelmet_green": 0,
        "baseballcap_cmmg_black": 0,
        "ghilliebushrag_tan": 0,
        "armband_refuge": 0,
        "armband_blue": 0,
        "mag_expansion_mpx_50rnd": 0,
        "mag_expansion_m9_15rnd": 0,
        "ammo_9x39": 0,
        "mag_cz550_10rnd": 0,
        "m4_carryhandleoptic": 0,
        "booniehat_dpm": 0,
        "balaclavamask_beige": 0,
        "gasmask": 0,
        "armband_chedaki": 0,
        "ttrpdmag": 0,
        "ammo_380": 0,
        "ghilliesuit_woodland": 0,
        "coyotebag_brown": 0,
        "expansiondeltapointoptic": 0,
        "aks74u_bttstck": 0,
        "cowboyhat_brown": 0,
        "mag_clip762x39_10rnd": 0,
        "flatcap_browncheck": 0,
        "radarcap_red": 0,
        "eyemask_dead": 0,
        "m4_rishndgrd": 0,
        "motohelmet_green": 0,
        "ghilliesuit_mossy": 0,
        "armband_zenit": 0,
        "mag_aug_30rnd": 0,
        "bandana_blue": 0,
        "armband_black": 0,
        "ammo_expansion_338": 0,
        "kashtanoptic": 0,
        "mag_vss_10rnd": 0,
        "medicalscrubshat_blue": 0,
        "battery9v": 0,
        "radarcap_black": 0,
        "mag_cz527_5rnd": 0,
        "ammo_9x39ap": 0,
        "mag_cmag_20rnd": 0,
        "pilotkacap": 0,
        "armband_cmc": 0,
        "pp19_bttstck": 0,
        "dirtbikehelmet_blue": 0,
        "m4_plastichndgrd": 0,
        "thickframesglasses": 0,
        "motohelmet_grey": 0,
        "eyemask_christmas": 0,
        "mag_mp5_15rnd": 0,
        "mag_stanagcoupled_30rnd": 0,
        "darkmotohelmet_grey": 0,
        "armband_livoniapolice": 0,
        "platecarrierpouches_green": 0,
        "chainmail_coif": 0,
        "mag_akm_drum75rnd": 0,
        "eyemask_valentines": 0,
        "woolgloves_green": 0,
        "nbcglovesyellow": 0,
        "armband_pirates": 0,
        "constructionhelmet_white": 0,
        "pressvest_lightblue": 0,
        "expansionmich2001desert": 0,
        "dirtbikehelmet_khaki": 0,
        "acogoptic": 0,
        "mag_fal_20rnd": 0,
        "radarcap_brown": 0,
        "ssh68helmet": 0,
        "dirtbikehelmet_mouthguard": 0,
        "baseballcap_blue": 0,
        "flatcap_greycheck": 0,
        "alicebag_green": 0,
        "mimemask_female": 0,
        "mag_expansion_m14_10rnd": 0,
        "ukassvest_olive": 0,
        "expansionkar98scopeoptic": 0,
        "sportglasses_orange": 0,
        "ammo_762x39": 0,
        "militarybelt": 0,
        "eyepatch_improvised": 0,
        "mag_stanag_60rnd": 0,
        "coyotebag_green": 0,
        "bandana_camopattern": 0,
        "kazuaroptic": 0,
        "militaryberet_nz": 0,
        "nbchoodgray": 0,
        "mag_762x54snaploader_2rnd": 0,
        "flatcap_blackcheck": 0,
        "eyemask_blue": 0,
        "darkmotohelmet_yellow": 0,
        "mag_saiga_5rnd": 0,
        "mag_mkii_10rnd": 0,
        "platecarrierpouches_black": 0,
        "mp5_compensator": 0,
        "zmijovkacap_black": 0,
        "woolgloves_black": 0,
        "pistolsuppressor": 0,
        "mag_ump_25rnd": 0,
        "booniehat_dubok": 0,
        "booniehat_olive": 0,
        "mag_svd_10rnd": 0,
        "civilianbelt": 0,
        "gorkahelmetvisor": 0,
        "platecarriervest_green": 0,
        "drybag_blue": 0,
        "hockeyhelmet_black": 0,
        "platecarrierpouches": 0,
        "tankerhelmet": 0,
        "ghilliehood_mossy": 0,
        "m4_oebttstck": 0,
        "balaclava3holes_blue": 0,
        "ammo_762x54": 0,
        "mag_cz550_4rnd": 0,
        "ballistichelmet_green": 0,
        "militaryberet_red": 0,
        "armband_orange": 0,
        "mag_308winsnaploader_2rnd": 0,
        "mag_ij70_8rnd": 0,
        "darkmotohelmet_white": 0,
        "mag_akm_palm30rnd": 0,
        "beaniehat_grey": 0,
        "mag_val_20rnd": 0,
        "armband_pink": 0,
        "ghillietop_woodland": 0,
        "skatehelmet_green": 0,
        "darkmotohelmet_green": 0,
        "balaclava3holes_green": 0,
        "taloonbag_blue": 0,
        "ushanka_black": 0,
        "ukassvest_khaki": 0,
        "armband_snake": 0,
        "cowboyhat_green": 0,
        "zsh3pilothelmet_black": 0,
        "m4_mphndgrd": 0,
        "surgicalgloves_white": 0,
        "expansion_m1a_railatt": 0,
        "smershvest": 0,
        "platecarrierholster_camo": 0,
        "ak74_hndgrd": 0,
        "surgicalgloves_green": 0,
        "eyemask_yellow": 0,
        "expansion_mp5_railatt": 0,
        "workinggloves_beige": 0,
        "motohelmet_blue": 0,
        "radarcap_green": 0,
        "gorkahelmet_black": 0,
        "baseballcap_olive": 0,
        "tacticalgloves_green": 0,
        "mag_cmag_30rnd": 0,
        "mich2001helmet": 0,
        "mountainbag_blue": 0,
        "darkmotohelmet_blue": 0,
        "highcapacityvest_olive": 0,
        "mag_ak74_45rnd": 0,
        "bandana_pink": 0,
        "booniehat_red": 0,
        "ak_bayonet": 0,
        "ushanka_blue": 0,
        "saiga_bttstck": 0,
        "workinggloves_black": 0,
        "expansiondeserttortilla": 0,
        "nbchoodyellow": 0,
        "platecarrierholster_black": 0
    }
}