{
  "ConfigVersion": 26,
  "ID": 50,
  "ObjectiveType": 8,
  "ObjectiveText": "Kill all 6 bandits at Belaya Polyana",
  "TimeLimit": -1,
  "Active": 1,
  "InfectedDeletionRadius": 250,
  "AISpawns": [
    {
      "NumberOfAI": 1,
      "NPCName": "Quest Target",
      "Waypoints": [
        [
          3743.83,
          9.42428,
          8871.65
        ]
      ],
      "Behaviour": 0,
      "Formation": "RANDOM",
      "Loadout": "BanditLoadout",
      "Faction": "Shamans",
      "Speed": 0,
      "ThreatSpeed": 3,
      "MinAccuracy": 0.4000000059604645,
      "MaxAccuracy": 0.75,
      "CanBeLooted": 1,
      "UnlimitedReload": 1,
      "ThreatDistanceLimit": 1000,
      "DamageMultiplier": 1,
      "DamageReceivedMultiplier": 1,
      "ClassNames": [
        "eAI_SurvivorF_Eva",
        "eAI_SurvivorF_Frida",
        "eAI_SurvivorF_Gabi",
        "eAI_SurvivorF_Helga",
        "eAI_SurvivorF_Irena",
        "eAI_SurvivorF_Judy",
        "eAI_SurvivorF_Keiko",
        "eAI_SurvivorF_Linda",
        "eAI_SurvivorF_Maria",
        "eAI_SurvivorF_Naomi",
        "eAI_SurvivorF_Baty",
        "eAI_SurvivorM_Boris",
        "eAI_SurvivorM_Cyril",
        "eAI_SurvivorM_Denis",
        "eAI_SurvivorM_Elias",
        "eAI_SurvivorM_Francis",
        "eAI_SurvivorM_Guo",
        "eAI_SurvivorM_Hassan",
        "eAI_SurvivorM_Indar",
        "eAI_SurvivorM_Jose",
        "eAI_SurvivorM_Kaito",
        "eAI_SurvivorM_Lewis",
        "eAI_SurvivorM_Manua",
        "eAI_SurvivorM_Mirek",
        "eAI_SurvivorM_Niki",
        "eAI_SurvivorM_Oliver",
        "eAI_SurvivorM_Peter",
        "eAI_SurvivorM_Quinn",
        "eAI_SurvivorM_Rolf",
        "eAI_SurvivorM_Seth",
        "eAI_SurvivorM_Taiki"
      ],
      "SniperProneDistanceThreshold": 300,
      "RespawnTime": 1,
      "DespawnTime": 1,
      "MinDistanceRadius": 5,
      "MaxDistanceRadius": 275,
      "DespawnRadius": 880
    },
    {
      "NumberOfAI": 1,
      "NPCName": "Quest Target",
      "Waypoints": [
        [
          3713.27,
          9.3625,
          8869.43
        ]
      ],
      "Behaviour": 0,
      "Formation": "RANDOM",
      "Loadout": "BanditLoadout",
      "Faction": "Shamans",
      "Speed": 0,
      "ThreatSpeed": 3,
      "MinAccuracy": 0.4000000059604645,
      "MaxAccuracy": 0.75,
      "CanBeLooted": 1,
      "UnlimitedReload": 1,
      "ThreatDistanceLimit": 1000,
      "DamageMultiplier": 1,
      "DamageReceivedMultiplier": 1,
      "ClassNames": [
        "eAI_SurvivorF_Eva",
        "eAI_SurvivorF_Frida",
        "eAI_SurvivorF_Gabi",
        "eAI_SurvivorF_Helga",
        "eAI_SurvivorF_Irena",
        "eAI_SurvivorF_Judy",
        "eAI_SurvivorF_Keiko",
        "eAI_SurvivorF_Linda",
        "eAI_SurvivorF_Maria",
        "eAI_SurvivorF_Naomi",
        "eAI_SurvivorF_Baty",
        "eAI_SurvivorM_Boris",
        "eAI_SurvivorM_Cyril",
        "eAI_SurvivorM_Denis",
        "eAI_SurvivorM_Elias",
        "eAI_SurvivorM_Francis",
        "eAI_SurvivorM_Guo",
        "eAI_SurvivorM_Hassan",
        "eAI_SurvivorM_Indar",
        "eAI_SurvivorM_Jose",
        "eAI_SurvivorM_Kaito",
        "eAI_SurvivorM_Lewis",
        "eAI_SurvivorM_Manua",
        "eAI_SurvivorM_Mirek",
        "eAI_SurvivorM_Niki",
        "eAI_SurvivorM_Oliver",
        "eAI_SurvivorM_Peter",
        "eAI_SurvivorM_Quinn",
        "eAI_SurvivorM_Rolf",
        "eAI_SurvivorM_Seth",
        "eAI_SurvivorM_Taiki"
      ],
      "SniperProneDistanceThreshold": 300,
      "RespawnTime": 1,
      "DespawnTime": 1,
      "MinDistanceRadius": 5,
      "MaxDistanceRadius": 275,
      "DespawnRadius": 880
    },
    {
      "NumberOfAI": 1,
      "NPCName": "Quest Target",
      "Waypoints": [
        [
          3699.6,
          9.78059,
          8880.07
        ]
      ],
      "Behaviour": 0,
      "Formation": "RANDOM",
      "Loadout": "BanditLoadout",
      "Faction": "Shamans",
      "Speed": 0,
      "ThreatSpeed": 3,
      "MinAccuracy": 0.4000000059604645,
      "MaxAccuracy": 0.75,
      "CanBeLooted": 1,
      "UnlimitedReload": 1,
      "ThreatDistanceLimit": 1000,
      "DamageMultiplier": 1,
      "DamageReceivedMultiplier": 1,
      "ClassNames": [
        "eAI_SurvivorF_Eva",
        "eAI_SurvivorF_Frida",
        "eAI_SurvivorF_Gabi",
        "eAI_SurvivorF_Helga",
        "eAI_SurvivorF_Irena",
        "eAI_SurvivorF_Judy",
        "eAI_SurvivorF_Keiko",
        "eAI_SurvivorF_Linda",
        "eAI_SurvivorF_Maria",
        "eAI_SurvivorF_Naomi",
        "eAI_SurvivorF_Baty",
        "eAI_SurvivorM_Boris",
        "eAI_SurvivorM_Cyril",
        "eAI_SurvivorM_Denis",
        "eAI_SurvivorM_Elias",
        "eAI_SurvivorM_Francis",
        "eAI_SurvivorM_Guo",
        "eAI_SurvivorM_Hassan",
        "eAI_SurvivorM_Indar",
        "eAI_SurvivorM_Jose",
        "eAI_SurvivorM_Kaito",
        "eAI_SurvivorM_Lewis",
        "eAI_SurvivorM_Manua",
        "eAI_SurvivorM_Mirek",
        "eAI_SurvivorM_Niki",
        "eAI_SurvivorM_Oliver",
        "eAI_SurvivorM_Peter",
        "eAI_SurvivorM_Quinn",
        "eAI_SurvivorM_Rolf",
        "eAI_SurvivorM_Seth",
        "eAI_SurvivorM_Taiki"
      ],
      "SniperProneDistanceThreshold": 300,
      "RespawnTime": 1,
      "DespawnTime": 1,
      "MinDistanceRadius": 5,
      "MaxDistanceRadius": 275,
      "DespawnRadius": 880
    },
    {
      "NumberOfAI": 1,
      "NPCName": "Quest Target",
      "Waypoints": [
        [
          3710.65,
          10.9761,
          8900.93
        ]
      ],
      "Behaviour": 0,
      "Formation": "RANDOM",
      "Loadout": "BanditLoadout",
      "Faction": "Shamans",
      "Speed": 0,
      "ThreatSpeed": 3,
      "MinAccuracy": 0.4000000059604645,
      "MaxAccuracy": 0.75,
      "CanBeLooted": 1,
      "UnlimitedReload": 1,
      "ThreatDistanceLimit": 1000,
      "DamageMultiplier": 1,
      "DamageReceivedMultiplier": 1,
      "ClassNames": [
        "eAI_SurvivorF_Eva",
        "eAI_SurvivorF_Frida",
        "eAI_SurvivorF_Gabi",
        "eAI_SurvivorF_Helga",
        "eAI_SurvivorF_Irena",
        "eAI_SurvivorF_Judy",
        "eAI_SurvivorF_Keiko",
        "eAI_SurvivorF_Linda",
        "eAI_SurvivorF_Maria",
        "eAI_SurvivorF_Naomi",
        "eAI_SurvivorF_Baty",
        "eAI_SurvivorM_Boris",
        "eAI_SurvivorM_Cyril",
        "eAI_SurvivorM_Denis",
        "eAI_SurvivorM_Elias",
        "eAI_SurvivorM_Francis",
        "eAI_SurvivorM_Guo",
        "eAI_SurvivorM_Hassan",
        "eAI_SurvivorM_Indar",
        "eAI_SurvivorM_Jose",
        "eAI_SurvivorM_Kaito",
        "eAI_SurvivorM_Lewis",
        "eAI_SurvivorM_Manua",
        "eAI_SurvivorM_Mirek",
        "eAI_SurvivorM_Niki",
        "eAI_SurvivorM_Oliver",
        "eAI_SurvivorM_Peter",
        "eAI_SurvivorM_Quinn",
        "eAI_SurvivorM_Rolf",
        "eAI_SurvivorM_Seth",
        "eAI_SurvivorM_Taiki"
      ],
      "SniperProneDistanceThreshold": 300,
      "RespawnTime": 1,
      "DespawnTime": 1,
      "MinDistanceRadius": 5,
      "MaxDistanceRadius": 275,
      "DespawnRadius": 880
    },
    {
      "NumberOfAI": 1,
      "NPCName": "Quest Target",
      "Waypoints": [
        [
          3744.78,
          12.689,
          8904.84
        ]
      ],
      "Behaviour": 0,
      "Formation": "RANDOM",
      "Loadout": "BanditLoadout",
      "Faction": "Shamans",
      "Speed": 0,
      "ThreatSpeed": 3,
      "MinAccuracy": 0.4000000059604645,
      "MaxAccuracy": 0.75,
      "CanBeLooted": 1,
      "UnlimitedReload": 1,
      "ThreatDistanceLimit": 1000,
      "DamageMultiplier": 1,
      "DamageReceivedMultiplier": 1,
      "ClassNames": [
        "eAI_SurvivorF_Eva",
        "eAI_SurvivorF_Frida",
        "eAI_SurvivorF_Gabi",
        "eAI_SurvivorF_Helga",
        "eAI_SurvivorF_Irena",
        "eAI_SurvivorF_Judy",
        "eAI_SurvivorF_Keiko",
        "eAI_SurvivorF_Linda",
        "eAI_SurvivorF_Maria",
        "eAI_SurvivorF_Naomi",
        "eAI_SurvivorF_Baty",
        "eAI_SurvivorM_Boris",
        "eAI_SurvivorM_Cyril",
        "eAI_SurvivorM_Denis",
        "eAI_SurvivorM_Elias",
        "eAI_SurvivorM_Francis",
        "eAI_SurvivorM_Guo",
        "eAI_SurvivorM_Hassan",
        "eAI_SurvivorM_Indar",
        "eAI_SurvivorM_Jose",
        "eAI_SurvivorM_Kaito",
        "eAI_SurvivorM_Lewis",
        "eAI_SurvivorM_Manua",
        "eAI_SurvivorM_Mirek",
        "eAI_SurvivorM_Niki",
        "eAI_SurvivorM_Oliver",
        "eAI_SurvivorM_Peter",
        "eAI_SurvivorM_Quinn",
        "eAI_SurvivorM_Rolf",
        "eAI_SurvivorM_Seth",
        "eAI_SurvivorM_Taiki"
      ],
      "SniperProneDistanceThreshold": 300,
      "RespawnTime": 1,
      "DespawnTime": 1,
      "MinDistanceRadius": 5,
      "MaxDistanceRadius": 275,
      "DespawnRadius": 880
    },
    {
      "NumberOfAI": 1,
      "NPCName": "Quest Target",
      "Waypoints": [
        [
          3765.86,
          14.1819,
          8893.92
        ]
      ],
      "Behaviour": 0,
      "Formation": "RANDOM",
      "Loadout": "BanditLoadout",
      "Faction": "Shamans",
      "Speed": 0,
      "ThreatSpeed": 3,
      "MinAccuracy": 0.4000000059604645,
      "MaxAccuracy": 0.75,
      "CanBeLooted": 1,
      "UnlimitedReload": 1,
      "ThreatDistanceLimit": 1000,
      "DamageMultiplier": 1,
      "DamageReceivedMultiplier": 1,
      "ClassNames": [
        "eAI_SurvivorF_Eva",
        "eAI_SurvivorF_Frida",
        "eAI_SurvivorF_Gabi",
        "eAI_SurvivorF_Helga",
        "eAI_SurvivorF_Irena",
        "eAI_SurvivorF_Judy",
        "eAI_SurvivorF_Keiko",
        "eAI_SurvivorF_Linda",
        "eAI_SurvivorF_Maria",
        "eAI_SurvivorF_Naomi",
        "eAI_SurvivorF_Baty",
        "eAI_SurvivorM_Boris",
        "eAI_SurvivorM_Cyril",
        "eAI_SurvivorM_Denis",
        "eAI_SurvivorM_Elias",
        "eAI_SurvivorM_Francis",
        "eAI_SurvivorM_Guo",
        "eAI_SurvivorM_Hassan",
        "eAI_SurvivorM_Indar",
        "eAI_SurvivorM_Jose",
        "eAI_SurvivorM_Kaito",
        "eAI_SurvivorM_Lewis",
        "eAI_SurvivorM_Manua",
        "eAI_SurvivorM_Mirek",
        "eAI_SurvivorM_Niki",
        "eAI_SurvivorM_Oliver",
        "eAI_SurvivorM_Peter",
        "eAI_SurvivorM_Quinn",
        "eAI_SurvivorM_Rolf",
        "eAI_SurvivorM_Seth",
        "eAI_SurvivorM_Taiki"
      ],
      "SniperProneDistanceThreshold": 300,
      "RespawnTime": 1,
      "DespawnTime": 1,
      "MinDistanceRadius": 5,
      "MaxDistanceRadius": 275,
      "DespawnRadius": 880
    }
  ],
  "MaxDistance": -1,
  "MinDistance": -1,
  "AllowedWeapons": [],
  "AllowedDamageZones": []
}