{
  "ConfigVersion": 26,
  "ID": 1,
  "ObjectiveType": 7,
  "ObjectiveText": "Kill all units of the bandit patrol at the marked location",
  "TimeLimit": -1,
  "Active": 1,
  "AISpawn": {
    "NumberOfAI": 4,
    "NPCName": "Quest Target",
    "Waypoints": [
      [
        5767.82,
        108.147,
        2469.46
      ],
      [
        5706.58,
        108.077,
        2476.22
      ],
      [
        5701.27,
        108.124,
        2415.75
      ],
      [
        5697.9,
        108.883,
        2302.22
      ],
      [
        5753.37,
        128.669,
        2368.49
      ]
    ],
    "Behaviour": 0,
    "Formation": "RANDOM",
    "Loadout": "BanditLoadout",
    "Faction": "Shamans",
    "Speed": 1,
    "ThreatSpeed": 3,
    "MinAccuracy": 0,
    "MaxAccuracy": 0,
    "CanBeLooted": 1,
    "UnlimitedReload": 1,
    "ThreatDistanceLimit": 1000,
    "DamageMultiplier": 1,
    "DamageReceivedMultiplier": 1,
    "ClassNames": [
      "eAI_SurvivorF_Eva",
      "eAI_SurvivorF_Frida",
      "eAI_SurvivorF_Gabi",
      "eAI_SurvivorF_Helga",
      "eAI_SurvivorF_Irena",
      "eAI_SurvivorF_Judy",
      "eAI_SurvivorF_Keiko",
      "eAI_SurvivorF_Linda",
      "eAI_SurvivorF_Maria",
      "eAI_SurvivorF_Naomi",
      "eAI_SurvivorF_Baty",
      "eAI_SurvivorM_Boris",
      "eAI_SurvivorM_Cyril",
      "eAI_SurvivorM_Denis",
      "eAI_SurvivorM_Elias",
      "eAI_SurvivorM_Francis",
      "eAI_SurvivorM_Guo",
      "eAI_SurvivorM_Hassan",
      "eAI_SurvivorM_Indar",
      "eAI_SurvivorM_Jose",
      "eAI_SurvivorM_Kaito",
      "eAI_SurvivorM_Lewis",
      "eAI_SurvivorM_Manua",
      "eAI_SurvivorM_Mirek",
      "eAI_SurvivorM_Niki",
      "eAI_SurvivorM_Oliver",
      "eAI_SurvivorM_Peter",
      "eAI_SurvivorM_Quinn",
      "eAI_SurvivorM_Rolf",
      "eAI_SurvivorM_Seth",
      "eAI_SurvivorM_Taiki"
    ],
    "SniperProneDistanceThreshold": 300,
    "RespawnTime": 1,
    "DespawnTime": 1,
    "MinDistanceRadius": 50,
    "MaxDistanceRadius": 150,
    "DespawnRadius": 880
  },
  "MaxDistance": -1,
  "MinDistance": -1,
  "AllowedWeapons": [],
  "AllowedDamageZones": []
}