{
  "ConfigVersion": 26,
  "ID": 2,
  "ObjectiveType": 7,
  "ObjectiveText": "Kill all 4 units of the Bayville patrol",
  "TimeLimit": -1,
  "Active": 1,
  "AISpawn": {
    "NumberOfAI": 4,
    "NPCName": "Quest Target",
    "Waypoints": [
      [
        10098.6,
        17.5939,
        11970.1
      ],
      [
        10103.7,
        24.5891,
        11971.3
      ],
      [
        10104.9,
        20.9985,
        11959.8
      ]
    ],
    "Behaviour": 0,
    "Formation": "RANDOM",
    "Loadout": "GorkaLoadout",
    "Faction": "Shamans",
    "Speed": 1,
    "ThreatSpeed": 3,
    "MinAccuracy": 0.44999998807907104,
    "MaxAccuracy": 0.75,
    "CanBeLooted": 1,
    "UnlimitedReload": 1,
    "ThreatDistanceLimit": 1000,
    "DamageMultiplier": 1,
    "DamageReceivedMultiplier": 1,
    "ClassNames": [
      "eAI_SurvivorF_Eva",
      "eAI_SurvivorF_Frida",
      "eAI_SurvivorF_Gabi",
      "eAI_SurvivorF_Helga",
      "eAI_SurvivorF_Irena",
      "eAI_SurvivorF_Judy",
      "eAI_SurvivorF_Keiko",
      "eAI_SurvivorF_Linda",
      "eAI_SurvivorF_Maria",
      "eAI_SurvivorF_Naomi",
      "eAI_SurvivorF_Baty",
      "eAI_SurvivorM_Boris",
      "eAI_SurvivorM_Cyril",
      "eAI_SurvivorM_Denis",
      "eAI_SurvivorM_Elias",
      "eAI_SurvivorM_Francis",
      "eAI_SurvivorM_Guo",
      "eAI_SurvivorM_Hassan",
      "eAI_SurvivorM_Indar",
      "eAI_SurvivorM_Jose",
      "eAI_SurvivorM_Kaito",
      "eAI_SurvivorM_Lewis",
      "eAI_SurvivorM_Manua",
      "eAI_SurvivorM_Mirek",
      "eAI_SurvivorM_Niki",
      "eAI_SurvivorM_Oliver",
      "eAI_SurvivorM_Peter",
      "eAI_SurvivorM_Quinn",
      "eAI_SurvivorM_Rolf",
      "eAI_SurvivorM_Seth",
      "eAI_SurvivorM_Taiki"
    ],
    "SniperProneDistanceThreshold": 300,
    "RespawnTime": 1,
    "DespawnTime": 1,
    "MinDistanceRadius": 50,
    "MaxDistanceRadius": 350,
    "DespawnRadius": 750
  },
  "MaxDistance": -1,
  "MinDistance": -1,
  "AllowedWeapons": [],
  "AllowedDamageZones": []
}