{
  "ConfigVersion": 26,
  "ID": 3,
  "ObjectiveType": 7,
  "ObjectiveText": "Watch for the patrol, and be quiet, infected are near.",
  "TimeLimit": -1,
  "Active": 1,
  "AISpawn": {
    "NumberOfAI": 5,
    "NPCName": "Quest Target",
    "Waypoints": [
      [
        4637.46,
        20.57,
        7070.88
      ]
    ],
    "Behaviour": 0,
    "Formation": "RANDOM",
    "Loadout": "NBCLoadout",
    "Faction": "Shamans",
    "Speed": 1,
    "ThreatSpeed": 3,
    "MinAccuracy": 0.6,
    "MaxAccuracy": 0.9,
    "CanBeLooted": 1,
    "UnlimitedReload": 1,
    "ThreatDistanceLimit": 1000,
    "DamageMultiplier": 1,
    "DamageReceivedMultiplier": 1,
    "ClassNames": [
      "eAI_SurvivorF_Eva",
      "eAI_SurvivorF_Frida",
      "eAI_SurvivorF_Gabi",
      "eAI_SurvivorF_Helga",
      "eAI_SurvivorF_Irena",
      "eAI_SurvivorF_Judy",
      "eAI_SurvivorF_Keiko",
      "eAI_SurvivorF_Linda",
      "eAI_SurvivorF_Maria",
      "eAI_SurvivorF_Naomi",
      "eAI_SurvivorF_Baty",
      "eAI_SurvivorM_Boris",
      "eAI_SurvivorM_Cyril",
      "eAI_SurvivorM_Denis",
      "eAI_SurvivorM_Elias",
      "eAI_SurvivorM_Francis",
      "eAI_SurvivorM_Guo",
      "eAI_SurvivorM_Hassan",
      "eAI_SurvivorM_Indar",
      "eAI_SurvivorM_Jose",
      "eAI_SurvivorM_Kaito",
      "eAI_SurvivorM_Lewis",
      "eAI_SurvivorM_Manua",
      "eAI_SurvivorM_Mirek",
      "eAI_SurvivorM_Niki",
      "eAI_SurvivorM_Oliver",
      "eAI_SurvivorM_Peter",
      "eAI_SurvivorM_Quinn",
      "eAI_SurvivorM_Rolf",
      "eAI_SurvivorM_Seth",
      "eAI_SurvivorM_Taiki"
    ],
    "SniperProneDistanceThreshold": 300,
    "RespawnTime": 1,
    "DespawnTime": 1,
    "MinDistanceRadius": 5,
    "MaxDistanceRadius": 375,
    "DespawnRadius": 800
  },
  "MaxDistance": -1,
  "MinDistance": -1,
  "AllowedWeapons": [],
  "AllowedDamageZones": []
}