{
    "ConfigVersion": 21,
    "ID": 105,
    "Type": 1,
    "Title": "Field Medic - Disinfect",
    "Descriptions": [],
    "ObjectiveText": "You have Disinfected another survivor and completed a server achievement!",
    "FollowUpQuest": -1,
    "Repeatable": 0,
    "IsDailyQuest": 0,
    "IsWeeklyQuest": 0,
    "CancelQuestOnPlayerDeath": 0,
    "Autocomplete": 1,
    "IsGroupQuest": 0,
    "ObjectSetFileName": "",
    "QuestItems": [],
    "Rewards": [],
    "NeedToSelectReward": 0,
    "RandomReward": 0,
    "RandomRewardAmount": 0,
    "QuestGiverIDs": [],
    "QuestTurnInIDs": [],
    "IsAchievement": 1,
    "Objectives": [
        {
            "ConfigVersion": 26,
            "ID": 5,
            "ObjectiveType": 10
        }
    ],
    "QuestColor": 0,
    "ReputationReward": 100,
    "ReputationRequirement": 0,
    "PreQuestIDs": [],
    "RequiredFaction": "",
    "FactionReward": "",
    "PlayerNeedQuestItems": 1,
    "DeleteQuestItems": 1,
    "SequentialObjectives": 0,
    "FactionReputationRequirements": {},
    "FactionReputationRewards": {},
    "SuppressQuestLogOnCompetion": 0,
    "Active": 1
}