{
    "ConfigVersion": 21,
    "ID": 201,
    "Type": 1,
    "Title": "Clear Canabal Camp 2",
    "Descriptions": [
        "Can you believe it? Those Cannibals... Peoples found another camp of Cannibals.. The camp is located somewhere in the Sandy Bay. I see you strong , so maybe you can help us ? We are willing to pay if you can deal with them",
        "Eleminate all of the Canabals at the camp.",
        "Nice work! Hopefully thats the last of those fuckers, here is your payment."
    ],
    "ObjectiveText": "Kill all Canabals at the marked location.",
    "FollowUpQuest": -1,
    "Repeatable": 1,
    "IsDailyQuest": 0,
    "IsWeeklyQuest": 1,
    "CancelQuestOnPlayerDeath": 1,
    "Autocomplete": 0,
    "IsGroupQuest": 0,
    "ObjectSetFileName": "",
    "QuestItems": [],
    "Rewards": [
        {
            "ClassName": "ExpansionBanknoteHryvnia",
            "Amount": 5000,
            "Attachments": [],
            "DamagePercent": 0,
            "HealthPercent": 0,
            "QuestID": -1,
            "Chance": 1.0
        }
    ],
    "NeedToSelectReward": 0,
    "RandomReward": 0,
    "RandomRewardAmount": 0,
    "QuestGiverIDs": [
        1
    ],
    "QuestTurnInIDs": [
        1
    ],
    "IsAchievement": 0,
    "Objectives": [
        {
            "ConfigVersion": 26,
            "ID": 2,
            "ObjectiveType": 3
        },
        {
            "ConfigVersion": 26,
            "ID": 2,
            "ObjectiveType": 8
        }
    ],
    "QuestColor": 0,
    "ReputationReward": 500,
    "ReputationRequirement": 0,
    "PreQuestIDs": [],
    "RequiredFaction": "",
    "FactionReward": "",
    "PlayerNeedQuestItems": 1,
    "DeleteQuestItems": 1,
    "SequentialObjectives": 0,
    "FactionReputationRequirements": {},
    "FactionReputationRewards": {},
    "SuppressQuestLogOnCompetion": 0,
    "Active": 1
}