{
    "ConfigVersion": 21,
    "ID": 400,
    "Type": 1,
    "Title": "Lost Survivor",
    "Descriptions": [
      "This dumb ass got seperated from their group and needs safe passage home.",
      "Escort this idiot back to their home at Milo and let Peter know the job was completed.",
      "This aint no daycare, thanks for taking care of that. Here is your reward."
    ],
    "ObjectiveText": "PLACEHOLDER",
    "FollowUpQuest": -1,
    "Repeatable": 0,
    "IsDailyQuest": 0,
    "IsWeeklyQuest": 0,
    "CancelQuestOnPlayerDeath": 0,
    "Autocomplete": 1,
    "IsGroupQuest": 0,
    "ObjectSetFileName": "",
    "QuestItems": [],
    "Rewards": [
      {
        "ClassName": "ExpansionBanknoteHryvnia",
        "Amount": 3000,
        "Attachments": [],
        "DamagePercent": 0,
        "HealthPercent": 0,
        "QuestID": -1,
        "Chance": 1
      }
    ],
    "NeedToSelectReward": 0,
    "RandomReward": 0,
    "RandomRewardAmount": 0,
    "QuestGiverIDs": [
      1
    ],
    "QuestTurnInIDs": [
      1
    ],
    "IsAchievement": 0,
    "Objectives": [
      {
        "ConfigVersion": 26,
        "ID": 1,
        "ObjectiveType": 9
      }
    ],
    "QuestColor": 0,
    "ReputationReward": 300,
    "ReputationRequirement": 0,
    "PreQuestIDs": [],
    "RequiredFaction": "",
    "FactionReward": "",
    "PlayerNeedQuestItems": 1,
    "DeleteQuestItems": 1,
    "SequentialObjectives": 0,
    "FactionReputationRequirements": {},
    "FactionReputationRewards": {},
    "SuppressQuestLogOnCompetion": 0,
    "Active": 1
  }