{
    "ConfigVersion": 21,
    "ID": 401,
    "Type": 1,
    "Title": "Fucked around and found out",
    "Descriptions": [
      "Caught this muthafucker trying to fuck a sheep, we have a town setup for perverts like this. Drop this ass off , at Smallville",
      "Take the pervert home and let Peter know the job was completed.",
      "Thanks for taking that piece of shit home. Here is your reward."
    ],
    "ObjectiveText": "Take the Pervert home",
    "FollowUpQuest": -1,
    "Repeatable": 1,
    "IsDailyQuest": 0,
    "IsWeeklyQuest": 1,
    "CancelQuestOnPlayerDeath": 0,
    "Autocomplete": 1,
    "IsGroupQuest": 0,
    "ObjectSetFileName": "",
    "QuestItems": [],
    "Rewards": [
      {
        "ClassName": "ExpansionBanknoteHryvnia",
        "Amount": 3000,
        "Attachments": [],
        "DamagePercent": 0,
        "HealthPercent": 0,
        "QuestID": -1,
        "Chance": 1
      }
    ],
    "NeedToSelectReward": 0,
    "RandomReward": 0,
    "RandomRewardAmount": 0,
    "QuestGiverIDs": [
      1
    ],
    "QuestTurnInIDs": [],
    "IsAchievement": 0,
    "Objectives": [
      {
        "ConfigVersion": 26,
        "ID": 2,
        "ObjectiveType": 9
      }
    ],
    "QuestColor": 0,
    "ReputationReward": 500,
    "ReputationRequirement": 0,
    "PreQuestIDs": [],
    "RequiredFaction": "",
    "FactionReward": "",
    "PlayerNeedQuestItems": 1,
    "DeleteQuestItems": 1,
    "SequentialObjectives": 0,
    "FactionReputationRequirements": {},
    "FactionReputationRewards": {},
    "SuppressQuestLogOnCompetion": 0,
    "Active": 1
  }