{
    "ConfigVersion": 21,
    "ID": 803,
    "Type": 1,
    "Title": "Zombie Detail",
    "Descriptions": [
        "We need you on Zombie Detail again, take out 100 Zombies",
        "You are not done yet? Come back when the job is done!",
        "We thought the Infected got your ass... Well, here is your reward."
    ],
    "ObjectiveText": "Kill 100 Zombies.",
    "FollowUpQuest": -1,
    "Repeatable": 1,
    "IsDailyQuest": 0,
    "IsWeeklyQuest": 1,
    "CancelQuestOnPlayerDeath": 0,
    "Autocomplete": 1,
    "IsGroupQuest": 0,
    "ObjectSetFileName": "",
    "QuestItems": [],
    "Rewards": [
        {
            "ClassName": "ExpansionBanknoteHryvnia",
            "Amount": 1000,
            "Attachments": [],
            "DamagePercent": 0,
            "HealthPercent": 0,
            "QuestID": -1,
            "Chance": 1.0
        },
        {
            "ClassName": "NailBox",
            "Amount": 1,
            "Attachments": [],
            "DamagePercent": 0,
            "HealthPercent": 0,
            "QuestID": -1,
            "Chance": 1.0
        }
    ],
    "NeedToSelectReward": 0,
    "RandomReward": 0,
    "RandomRewardAmount": 0,
    "QuestGiverIDs": [
        5
    ],
    "QuestTurnInIDs": [],
    "IsAchievement": 0,
    "Objectives": [
        {
            "ConfigVersion": 26,
            "ID": 4,
            "ObjectiveType": 2
        }
    ],
    "QuestColor": 0,
    "ReputationReward": 200,
    "ReputationRequirement": 0,
    "PreQuestIDs": [],
    "RequiredFaction": "",
    "FactionReward": "",
    "PlayerNeedQuestItems": 1,
    "DeleteQuestItems": 1,
    "SequentialObjectives": 0,
    "FactionReputationRequirements": {},
    "FactionReputationRewards": {},
    "SuppressQuestLogOnCompetion": 0,
    "Active": 1
}