{
  "ConfigVersion": 21,
  "ID": 806,
  "Type": 1,
  "Title": "The Hunter I",
  "Descriptions": [
    "Hunting, Fishing and outdoor adventures are your thing? Then go for it and hunt down 10 Animals.",
    "You are not done yet? Come back when the job is done!",
    "We thought we had lost you to the Outdoors ... Well, here is your reward."
  ],
  "ObjectiveText": "Hunt 10 Animals.",
  "FollowUpQuest": -1,
  "Repeatable": 0,
  "IsDailyQuest": 0,
  "IsWeeklyQuest": 0,
  "CancelQuestOnPlayerDeath": 1,
  "Autocomplete": 1,
  "IsGroupQuest": 0,
  "ObjectSetFileName": "",
  "QuestItems": [],
  "Rewards": [
    {
      "ClassName": "expansionbanknotehryvnia",
      "Amount": 5000,
      "Attachments": [],
      "DamagePercent": 0,
      "HealthPercent": 0,
      "QuestID": -1,
      "Chance": 1
    }
  ],
  "NeedToSelectReward": 0,
  "RandomReward": 0,
  "RandomRewardAmount": 0,
  "QuestGiverIDs": [
    1
  ],
  "QuestTurnInIDs": [],
  "IsAchievement": 0,
  "Objectives": [
    {
      "ConfigVersion": 26,
      "ID": 7,
      "ObjectiveType": 2
    }
  ],
  "QuestColor": -6900716,
  "ReputationReward": 300,
  "ReputationRequirement": 0,
  "PreQuestIDs": [],
  "RequiredFaction": "",
  "FactionReward": "",
  "PlayerNeedQuestItems": 1,
  "DeleteQuestItems": 1,
  "SequentialObjectives": 0,
  "FactionReputationRequirements": {},
  "FactionReputationRewards": {},
  "SuppressQuestLogOnCompetion": 0,
  "Active": 1
}