{
    "ConfigVersion": 21,
    "ID": 807,
    "Type": 1,
    "Title": "The Hunter II",
    "Descriptions": [
        "Hunting, Fishing and outdoor adventures are still your thing? Then go for it again and hunt down 25 Animals this time.",
        "You are not done yet? Come back when the job is done!",
        "We thought we had lost you to the Outdoors ... Well, here is your reward."
    ],
    "ObjectiveText": "Hunt 25 Animals.",
    "FollowUpQuest": -1,
    "Repeatable": 0,
    "IsDailyQuest": 0,
    "IsWeeklyQuest": 0,
    "CancelQuestOnPlayerDeath": 1,
    "Autocomplete": 0,
    "IsGroupQuest": 0,
    "ObjectSetFileName": "",
    "QuestItems": [],
    "Rewards": [
        {
            "ClassName": "expansionbanknotehryvnia",
            "Amount": 10000,
            "Attachments": [],
            "DamagePercent": 0,
            "HealthPercent": 0,
            "QuestID": -1,
            "Chance": 1.0
        },
        {
            "ClassName": "HuntingKnife",
            "Amount": 1,
            "Attachments": [],
            "DamagePercent": 0,
            "HealthPercent": 0,
            "QuestID": -1,
            "Chance": 1.0
        },
        {
            "ClassName": "huntingbag",
            "Amount": 1,
            "Attachments": [],
            "DamagePercent": 0,
            "HealthPercent": 0,
            "QuestID": -1,
            "Chance": 1.0
        }
    ],
    "NeedToSelectReward": 0,
    "RandomReward": 0,
    "RandomRewardAmount": 0,
    "QuestGiverIDs": [
        1
    ],
    "QuestTurnInIDs": [],
    "IsAchievement": 0,
    "Objectives": [
        {
            "ConfigVersion": 26,
            "ID": 8,
            "ObjectiveType": 2
        }
    ],
    "QuestColor": -6900716,
    "ReputationReward": 500,
    "ReputationRequirement": 0,
    "PreQuestIDs": [
        806
    ],
    "RequiredFaction": "",
    "FactionReward": "",
    "PlayerNeedQuestItems": 1,
    "DeleteQuestItems": 1,
    "SequentialObjectives": 0,
    "FactionReputationRequirements": {},
    "FactionReputationRewards": {},
    "SuppressQuestLogOnCompetion": 0,
    "Active": 1
}