{
  "ConfigVersion": 21,
  "ID": 808,
  "Type": 1,
  "Title": "The Hunter III",
  "Descriptions": [
    "Want to prove you're the King of the Forest? Go for it again. Hunt down 50 Animals this time.",
    "You are not done yet? Come back when the job is done!",
    "We thought we had lost you to the Outdoors ... Well, here is your reward."
  ],
  "ObjectiveText": "Hunt 50 Animals.",
  "FollowUpQuest": -1,
  "Repeatable": 1,
  "IsDailyQuest": 1,
  "IsWeeklyQuest": 0,
  "CancelQuestOnPlayerDeath": 1,
  "Autocomplete": 0,
  "IsGroupQuest": 0,
  "ObjectSetFileName": "",
  "QuestItems": [],
  "Rewards": [
    {
      "ClassName": "expansionbanknotehryvnia",
      "Amount": 25000,
      "Attachments": [],
      "DamagePercent": 0,
      "HealthPercent": 0,
      "QuestID": -1,
      "Chance": 1
    },
    {
      "ClassName": "HM_Bitcoin",
      "Amount": 1,
      "Attachments": [],
      "DamagePercent": 0,
      "HealthPercent": 0,
      "QuestID": -1,
      "Chance": 1
    },
    {
      "ClassName": "Deagle_Gold",
      "Amount": 1,
      "Attachments": [],
      "DamagePercent": 0,
      "HealthPercent": 0,
      "QuestID": -1,
      "Chance": 1
    }
  ],
  "NeedToSelectReward": 0,
  "RandomReward": 0,
  "RandomRewardAmount": 0,
  "QuestGiverIDs": [
    1
  ],
  "QuestTurnInIDs": [],
  "IsAchievement": 0,
  "Objectives": [
    {
      "ConfigVersion": 26,
      "ID": 9,
      "ObjectiveType": 2
    }
  ],
  "QuestColor": -6900716,
  "ReputationReward": 900,
  "ReputationRequirement": 0,
  "PreQuestIDs": [
    807
  ],
  "RequiredFaction": "",
  "FactionReward": "",
  "PlayerNeedQuestItems": 1,
  "DeleteQuestItems": 1,
  "SequentialObjectives": 0,
  "FactionReputationRequirements": {},
  "FactionReputationRewards": {},
  "SuppressQuestLogOnCompetion": 0,
  "Active": 1
}