{
  "ConfigVersion": 21,
  "ID": 811,
  "Type": 1,
  "Title": "Us against the World ",
  "Descriptions": [
    "Team up and fight ... the Ai. You know about the problems they cause, right? Let's get rid of those pesky buggers! Neutralize 25 of them or die trying...Good Luck!",
    "You are not done yet? Come back when the job is done!",
    "We thought we had lost you for good this time ... Well, here is your hard earned reward."
  ],
  "ObjectiveText": "Neutralize 25 Ai.",
  "FollowUpQuest": -1,
  "Repeatable": 1,
  "IsDailyQuest": 0,
  "IsWeeklyQuest": 1,
  "CancelQuestOnPlayerDeath": 1,
  "Autocomplete": 0,
  "IsGroupQuest": 1,
  "ObjectSetFileName": "",
  "QuestItems": [],
  "Rewards": [
    {
      "ClassName": "HM_Bitcoin",
      "Amount": 2,
      "Attachments": [],
      "DamagePercent": 0,
      "HealthPercent": 0,
      "QuestID": -1,
      "Chance": 1
    },
    {
      "ClassName": "SewingKit",
      "Amount": 1,
      "Attachments": [],
      "DamagePercent": 0,
      "HealthPercent": 0,
      "QuestID": -1,
      "Chance": 1
    },
    {
      "ClassName": "NailBox",
      "Amount": 1,
      "Attachments": [],
      "DamagePercent": 0,
      "HealthPercent": 0,
      "QuestID": -1,
      "Chance": 1
    }
  ],
  "NeedToSelectReward": 0,
  "RandomReward": 0,
  "RandomRewardAmount": 0,
  "QuestGiverIDs": [
    3
  ],
  "QuestTurnInIDs": [],
  "IsAchievement": 0,
  "Objectives": [
    {
      "ConfigVersion": 26,
      "ID": 12,
      "ObjectiveType": 2
    }
  ],
  "QuestColor": -3662306,
  "ReputationReward": 1000,
  "ReputationRequirement": 0,
  "PreQuestIDs": [],
  "RequiredFaction": "",
  "FactionReward": "",
  "PlayerNeedQuestItems": 1,
  "DeleteQuestItems": 1,
  "SequentialObjectives": 0,
  "FactionReputationRequirements": {},
  "FactionReputationRewards": {},
  "SuppressQuestLogOnCompetion": 0,
  "Active": 1
}