{
    "ConfigVersion": 5,
    "ID": 5,
    "ClassName": "ExpansionQuestBoardLarge",
    "Position": [
        5118.4599609375,
        60.5,
        7977.06005859375
    ],
    "Orientation": [
        18.299999237060548,
        0.0,
        0.0
    ],
    "NPCName": "Quest Board",
    "DefaultNPCText": "There is nothing to do here for you...",
    "Waypoints": [],
    "NPCEmoteID": 46,
    "NPCEmoteIsStatic": 0,
    "NPCLoadoutFile": "",
    "NPCInteractionEmoteID": 1,
    "NPCQuestCancelEmoteID": 60,
    "NPCQuestStartEmoteID": 58,
    "NPCQuestCompleteEmoteID": 39,
    "NPCFaction": "InvincibleObservers",
    "NPCType": 1
}