{
    "ConfigVersion": 5,
    "ID": 2,
    "ClassName": "ExpansionQuestNPCAIElias",
    "Position": [
        7504.68994140625,
        22.136699676513673,
        4151.9599609375
    ],
    "Orientation": [
        145.0,
        0.0,
        0.0
    ],
    "NPCName": "Steve",
    "DefaultNPCText": "What do you want? I am busy...",
    "Waypoints": [
        [
            7504.68994140625,
            22.136699676513673,
            4151.9599609375
        ]
    ],
    "NPCEmoteID": 14,
    "NPCEmoteIsStatic": 1,
    "NPCLoadoutFile": "SurvivorLoadout",
    "NPCInteractionEmoteID": 0,
    "NPCQuestCancelEmoteID": 0,
    "NPCQuestStartEmoteID": 0,
    "NPCQuestCompleteEmoteID": 0,
    "NPCFaction": "",
    "NPCType": 2
}