{
    "Enabled": 0,
    "Weight": 5.0,
    "MissionMaxTime": 900,
    "MissionName": "Pavlovo-North",
    "Difficulty": 0,
    "Objective": 0,
    "Reward": "",
    "Data": {
        "Pos": [
            2043.0,
            0.0,
            3485.0
        ],
        "Radius": 150.0,
        "PosHeight": 25.0,
        "NegHeight": 20.0,
        "InnerRingCount": 2,
        "InnerPartDist": 50,
        "OuterRingToggle": 1,
        "OuterPartDist": 40,
        "OuterOffset": 0,
        "VerticalLayers": 0,
        "VerticalOffset": 0,
        "ParticleName": "graphics/particles/contaminated_area_gas_bigass"
    },
    "PlayerData": {
        "AroundPartName": "graphics/particles/contaminated_area_gas_around",
        "TinyPartName": "graphics/particles/contaminated_area_gas_around_tiny",
        "PPERequesterType": "PPERequester_ContaminatedAreaTint"
    },
    "StartDecayLifetime": 600.0,
    "FinishDecayLifetime": 300.0
}