{
    "ConfigVersion": 22,
    "ID": 2,
    "ObjectiveType": 6,
    "ObjectiveText": "Find the location of the treasure",
    "TimeLimit": -1,
    "ShowDistance": 1,
    "ContainerName": "ExpansionQuestSeaChest",
    "DigInStash": 1,
    "MarkerName": "???",
    "MarkerVisibility": 4,
    "Positions": [
        [
            5938.7099609375,
            5.547460079193115,
            8473.7802734375
        ],
        [
            5730.06982421875,
            4.931000232696533,
            8698.8095703125
        ],
        [
            5178.39013671875,
            4.791790008544922,
            8775.8896484375
        ]
    ],
    "Loot": [
        {
            "Name": "ExpansionBanknoteHryvnia",
            "Attachments": [],
            "Chance": 0.5,
            "QuantityPercent": 10,
            "Max": -1,
            "Min": 0,
            "Variants": []
        },
        {
            "Name": "ExpansionBanknoteHryvnia",
            "Attachments": [],
            "Chance": 0.5,
            "QuantityPercent": 5,
            "Max": -1,
            "Min": 0,
            "Variants": []
        }
    ],
    "LootItemsAmount": 4,
    "MaxDistance": 10.0
}