{
    "ConfigVersion": 20,
    "ID": 21,
    "Type": 1,
    "Title": "You need the Honor (requires 3000 rep to start)",
    "Descriptions": [
        "PLACEHOLDER1",
        "PLACEHOLDER2",
        "PLACEHOLDE3"
    ],
    "ObjectiveText": "Get it done.",
    "FollowUpQuest": -1,
    "Repeatable": 1,
    "IsDailyQuest": 1,
    "IsWeeklyQuest": 0,
    "CancelQuestOnPlayerDeath": 0,
    "Autocomplete": 0,
    "IsGroupQuest": 0,
    "ObjectSetFileName": "",
    "QuestItems": [],
    "Rewards": [
        {
            "ClassName": "ExpansionBanknoteHryvnia",
            "Amount": 10000,
            "Attachments": [],
            "DamagePercent": 0,
            "HealthPercent": 0,
            "QuestID": -1,
            "Chance": 1.0
        }
    ],
    "NeedToSelectReward": 0,
    "RandomReward": 0,
    "RandomRewardAmount": 0,
    "RewardsForGroupOwnerOnly": 1,
    "QuestGiverIDs": [
        1
    ],
    "QuestTurnInIDs": [
        1
    ],
    "IsAchievement": 0,
    "Objectives": [
        {
            "ConfigVersion": 22,
            "ID": 3,
            "ObjectiveType": 2
        }
    ],
    "QuestColor": 0,
    "ReputationReward": 100,
    "ReputationRequirement": 3000,
    "PreQuestIDs": [],
    "RequiredFaction": "",
    "FactionReward": "",
    "PlayerNeedQuestItems": 1,
    "DeleteQuestItems": 1,
    "SequentialObjectives": 1,
    "FactionReputationRequirements": {},
    "FactionReputationRewards": {}
}