{
    "ConfigVersion": 20,
    "ID": 210,
    "Type": 1,
    "Title": "Clear Police Imposter Camp - Oldfield",
    "Descriptions": [
        "Some police impersonators have settled at Gorka have been shooting up the nearby towns. They need to be dealt with.",
        "Head up to Gorka and clear the bastards out. They are a small group but they are well armed and dangerous. Be careful.",
        "Nice work, we could use more people like you. Here is your reward."
    ],
    "ObjectiveText": "Kill all units of the group at the marked location.",
    "FollowUpQuest": -1,
    "Repeatable": 1,
    "IsDailyQuest": 1,
    "IsWeeklyQuest": 0,
    "CancelQuestOnPlayerDeath": 0,
    "Autocomplete": 0,
    "IsGroupQuest": 1,
    "ObjectSetFileName": "",
    "QuestItems": [],
    "Rewards": [
        {
            "ClassName": "ExpansionBanknoteHryvnia",
            "Amount": 10000,
            "Attachments": [],
            "DamagePercent": 0,
            "HealthPercent": 0,
            "QuestID": -1,
            "Chance": 1.0
        }
    ],
    "NeedToSelectReward": 0,
    "RandomReward": 0,
    "RandomRewardAmount": 0,
    "RewardsForGroupOwnerOnly": 0,
    "QuestGiverIDs": [
        1
    ],
    "QuestTurnInIDs": [
        1
    ],
    "IsAchievement": 0,
    "Objectives": [
        {
            "ConfigVersion": 22,
            "ID": 5,
            "ObjectiveType": 3
        },
        {
            "ConfigVersion": 22,
            "ID": 2,
            "ObjectiveType": 8
        }
    ],
    "QuestColor": 0,
    "ReputationReward": 50,
    "ReputationRequirement": 0,
    "PreQuestIDs": [],
    "RequiredFaction": "",
    "FactionReward": "",
    "PlayerNeedQuestItems": 1,
    "DeleteQuestItems": 1,
    "SequentialObjectives": 1,
    "FactionReputationRequirements": {},
    "FactionReputationRewards": {}
}