{
    "ConfigVersion": 20,
    "ID": 300,
    "Type": 1,
    "Title": "Clear Patrol - Sunset Cross Valley",
    "Descriptions": [
        "Some bandits have made camp up between the peaks southwest of Sunset Cross and patrol the area daily",
        "Head up to the valley near sunset cross and clear out the bandits. They are a small group but they are well armed and dangerous. Be careful.",
        "Nice work, we could use more people like you. Here is your reward."
    ],
    "ObjectiveText": "Kill all units of the bandit patrol group near the marked location.",
    "FollowUpQuest": -1,
    "Repeatable": 1,
    "IsDailyQuest": 0,
    "IsWeeklyQuest": 1,
    "CancelQuestOnPlayerDeath": 0,
    "Autocomplete": 0,
    "IsGroupQuest": 1,
    "ObjectSetFileName": "",
    "QuestItems": [],
    "Rewards": [
        {
            "ClassName": "ExpansionBanknoteHryvnia",
            "Amount": 15000,
            "Attachments": [],
            "DamagePercent": 0,
            "HealthPercent": 0,
            "QuestID": -1,
            "Chance": 1.0
        }
    ],
    "NeedToSelectReward": 0,
    "RandomReward": 0,
    "RandomRewardAmount": 0,
    "RewardsForGroupOwnerOnly": 0,
    "QuestGiverIDs": [
        1
    ],
    "QuestTurnInIDs": [
        1
    ],
    "IsAchievement": 0,
    "Objectives": [
        {
            "ConfigVersion": 22,
            "ID": 6,
            "ObjectiveType": 3
        },
        {
            "ConfigVersion": 22,
            "ID": 1,
            "ObjectiveType": 7
        }
    ],
    "QuestColor": 0,
    "ReputationReward": 50,
    "ReputationRequirement": 0,
    "PreQuestIDs": [],
    "RequiredFaction": "",
    "FactionReward": "",
    "PlayerNeedQuestItems": 1,
    "DeleteQuestItems": 1,
    "SequentialObjectives": 1,
    "FactionReputationRequirements": {},
    "FactionReputationRewards": {}
}