{
    "ConfigVersion": 20,
    "ID": 401,
    "Type": 1,
    "Title": "Fucked around and found out - escort to Groots Hill",
    "Descriptions": [
        "Caught this muthafucker trying to fuck a sheep, we have a town setup for perverts like this. Drop their ass off at Rogovo",
        "Take the pervert home and let Peter know the job was completed.",
        "Thanks for taking that peice of shit home. Here is your reward."
    ],
    "ObjectiveText": "Take the Pervert home",
    "FollowUpQuest": -1,
    "Repeatable": 1,
    "IsDailyQuest": 0,
    "IsWeeklyQuest": 1,
    "CancelQuestOnPlayerDeath": 0,
    "Autocomplete": 0,
    "IsGroupQuest": 0,
    "ObjectSetFileName": "",
    "QuestItems": [],
    "Rewards": [
        {
            "ClassName": "ExpansionBanknoteHryvnia",
            "Amount": 5000,
            "Attachments": [],
            "DamagePercent": 0,
            "HealthPercent": 0,
            "QuestID": -1,
            "Chance": 1.0
        }
    ],
    "NeedToSelectReward": 0,
    "RandomReward": 0,
    "RandomRewardAmount": 0,
    "RewardsForGroupOwnerOnly": 0,
    "QuestGiverIDs": [
        4
    ],
    "QuestTurnInIDs": [
        1
    ],
    "IsAchievement": 0,
    "Objectives": [
        {
            "ConfigVersion": 22,
            "ID": 2,
            "ObjectiveType": 9
        }
    ],
    "QuestColor": 0,
    "ReputationReward": 50,
    "ReputationRequirement": 0,
    "PreQuestIDs": [],
    "RequiredFaction": "",
    "FactionReward": "",
    "PlayerNeedQuestItems": 1,
    "DeleteQuestItems": 1,
    "SequentialObjectives": 1,
    "FactionReputationRequirements": {},
    "FactionReputationRewards": {}
}