{
    "ConfigVersion": 20,
    "ID": 503,
    "Type": 1,
    "Title": "Bear Pelt",
    "Descriptions": [
        "The nights are started to get colder, we need some bear pelts to make blankets out of.",
        "Kill a Bear and bring it's pelt back to Peter at the Trade Center.",
        "Sweet, here is your reward."
    ],
    "ObjectiveText": "Kill and field dress a Bear.",
    "FollowUpQuest": -1,
    "Repeatable": 1,
    "IsDailyQuest": 0,
    "IsWeeklyQuest": 1,
    "CancelQuestOnPlayerDeath": 0,
    "Autocomplete": 0,
    "IsGroupQuest": 0,
    "ObjectSetFileName": "",
    "QuestItems": [],
    "Rewards": [
        {
            "ClassName": "ExpansionBanknoteHryvnia",
            "Amount": 10000,
            "Attachments": [],
            "DamagePercent": 0,
            "HealthPercent": 0,
            "QuestID": -1,
            "Chance": 1.0
        }
    ],
    "NeedToSelectReward": 0,
    "RandomReward": 0,
    "RandomRewardAmount": 0,
    "RewardsForGroupOwnerOnly": 0,
    "QuestGiverIDs": [
        1
    ],
    "QuestTurnInIDs": [
        1
    ],
    "IsAchievement": 0,
    "Objectives": [
        {
            "ConfigVersion": 22,
            "ID": 4,
            "ObjectiveType": 4
        }
    ],
    "QuestColor": 0,
    "ReputationReward": 200,
    "ReputationRequirement": 0,
    "PreQuestIDs": [],
    "RequiredFaction": "",
    "FactionReward": "",
    "PlayerNeedQuestItems": 1,
    "DeleteQuestItems": 1,
    "SequentialObjectives": 1,
    "FactionReputationRequirements": {},
    "FactionReputationRewards": {}
}