{
    "ConfigVersion": 20,
    "ID": 800,
    "Type": 1,
    "Title": "Zombie Detail",
    "Descriptions": [
        "We are short handed and are looking for a group to do Zombie Detail, clear out 10 Zombies with a Sledge Hammer.",
        "You are not done yet? How hard can it be to smash some heads with that hammer... Come back when the job is done!",
        "We thought the Infected got your ass... Well, here is your reward."
    ],
    "ObjectiveText": "Kill 10 Zombies with this Sledge Hammer.",
    "FollowUpQuest": -1,
    "Repeatable": 1,
    "IsDailyQuest": 0,
    "IsWeeklyQuest": 1,
    "CancelQuestOnPlayerDeath": 0,
    "Autocomplete": 1,
    "IsGroupQuest": 0,
    "ObjectSetFileName": "",
    "QuestItems": [
        {
            "ClassName": "SledgeHammer",
            "Amount": 1
        }
    ],
    "Rewards": [
        {
            "ClassName": "ExpansionBanknoteHryvnia",
            "Amount": 2000,
            "Attachments": [],
            "DamagePercent": 0,
            "HealthPercent": 0,
            "QuestID": -1,
            "Chance": 1.0
        }
    ],
    "NeedToSelectReward": 0,
    "RandomReward": 0,
    "RandomRewardAmount": 0,
    "RewardsForGroupOwnerOnly": 0,
    "QuestGiverIDs": [
        3
    ],
    "QuestTurnInIDs": [],
    "IsAchievement": 0,
    "Objectives": [
        {
            "ConfigVersion": 22,
            "ID": 2,
            "ObjectiveType": 3
        },
        {
            "ConfigVersion": 22,
            "ID": 1,
            "ObjectiveType": 2
        }
    ],
    "QuestColor": 0,
    "ReputationReward": 50,
    "ReputationRequirement": 0,
    "PreQuestIDs": [],
    "RequiredFaction": "",
    "FactionReward": "",
    "PlayerNeedQuestItems": 1,
    "DeleteQuestItems": 1,
    "SequentialObjectives": 1,
    "FactionReputationRequirements": {},
    "FactionReputationRewards": {}
}