{
    "ConfigVersion": 20,
    "ID": 802,
    "Type": 1,
    "Title": "Zombie Detail",
    "Descriptions": [
        "We need you on Zombie Detail again, take out 50 Zombies",
        "You are not done yet? Come back when the job is done!",
        "We thought the Infected got your ass... Well, here is your reward."
    ],
    "ObjectiveText": "Kill 50 Zombies.",
    "FollowUpQuest": -1,
    "Repeatable": 1,
    "IsDailyQuest": 1,
    "IsWeeklyQuest": 0,
    "CancelQuestOnPlayerDeath": 0,
    "Autocomplete": 1,
    "IsGroupQuest": 0,
    "ObjectSetFileName": "",
    "QuestItems": [],
    "Rewards": [
        {
            "ClassName": "ExpansionBanknoteHryvnia",
            "Amount": 10000,
            "Attachments": [],
            "DamagePercent": 0,
            "HealthPercent": 0,
            "QuestID": -1,
            "Chance": 1.0
        }
    ],
    "NeedToSelectReward": 0,
    "RandomReward": 0,
    "RandomRewardAmount": 0,
    "RewardsForGroupOwnerOnly": 0,
    "QuestGiverIDs": [
        3
    ],
    "QuestTurnInIDs": [],
    "IsAchievement": 0,
    "Objectives": [
        {
            "ConfigVersion": 22,
            "ID": 3,
            "ObjectiveType": 2
        }
    ],
    "QuestColor": 0,
    "ReputationReward": 100,
    "ReputationRequirement": 0,
    "PreQuestIDs": [],
    "RequiredFaction": "",
    "FactionReward": "",
    "PlayerNeedQuestItems": 1,
    "DeleteQuestItems": 1,
    "SequentialObjectives": 1,
    "FactionReputationRequirements": {},
    "FactionReputationRewards": {}
}