{
    "ConfigVersion": 20,
    "ID": 9,
    "Type": 1,
    "Title": "Killed 100 civilian Infected",
    "Descriptions": [],
    "ObjectiveText": "Achievement completed: You have killed 100 civilian Infected! Reward: 1000 Hryvnia",
    "FollowUpQuest": -1,
    "Repeatable": 0,
    "IsDailyQuest": 0,
    "IsWeeklyQuest": 0,
    "CancelQuestOnPlayerDeath": 0,
    "Autocomplete": 1,
    "IsGroupQuest": 0,
    "ObjectSetFileName": "",
    "QuestItems": [],
    "Rewards": [
        {
            "ClassName": "ExpansionBanknoteHryvnia",
            "Amount": 10000,
            "Attachments": [],
            "DamagePercent": 0,
            "HealthPercent": 0,
            "QuestID": -1,
            "Chance": 1.0
        }
    ],
    "NeedToSelectReward": 0,
    "RandomReward": 0,
    "RandomRewardAmount": 0,
    "RewardsForGroupOwnerOnly": 1,
    "QuestGiverIDs": [],
    "QuestTurnInIDs": [],
    "IsAchievement": 1,
    "Objectives": [
        {
            "ConfigVersion": 22,
            "ID": 31,
            "ObjectiveType": 2
        }
    ],
    "QuestColor": 0,
    "ReputationReward": 200,
    "ReputationRequirement": -1,
    "PreQuestIDs": [],
    "RequiredFaction": "",
    "FactionReward": "",
    "PlayerNeedQuestItems": 1,
    "DeleteQuestItems": 1,
    "SequentialObjectives": 1,
    "FactionReputationRequirements": {},
    "FactionReputationRewards": {}
}