{
  "ClassName": "",
  "Chance": 1.0,
  "Quantity": {
    "Min": 0.0,
    "Max": 0.0
  },
  "Health": [],
  "InventoryAttachments": [
    {
      "SlotName": "Body",
      "Items": [
        {
          "ClassName": "MMG_tactical_shirt_tan",
          "Chance": 1.0,
          "Quantity": {
            "Min": 0.0,
            "Max": 0.0
          },
          "Health": [
            {
              "Min": 0.699999988079071,
              "Max": 1.0,
              "Zone": ""
            }
          ],
          "InventoryAttachments": [],
          "InventoryCargo": [],
          "ConstructionPartsBuilt": []
        },
        {
          "ClassName": "MMG_operatorshirt_tan",
          "Chance": 1.0,
          "Quantity": {
            "Min": 0.0,
            "Max": 0.0
          },
          "Health": [
            {
              "Min": 0.699999988079071,
              "Max": 1.0,
              "Zone": ""
            }
          ],
          "InventoryAttachments": [],
          "InventoryCargo": [],
          "ConstructionPartsBuilt": []
        },
        {
          "ClassName": "MMG_combatshirt_tan",
          "Chance": 1.0,
          "Quantity": {
            "Min": 0.0,
            "Max": 0.0
          },
          "Health": [
            {
              "Min": 0.699999988079071,
              "Max": 1.0,
              "Zone": ""
            }
          ],
          "InventoryAttachments": [],
          "InventoryCargo": [],
          "ConstructionPartsBuilt": []
        }
      ]
    },
    {
      "SlotName": "Face",
      "Items": [
        {
          "ClassName": "MMG_facemask_tan",
          "Chance": 1.0,
          "Quantity": {
            "Min": 0.0,
            "Max": 0.0
          },
          "Health": [
            {
              "Min": 0.699999988079071,
              "Max": 1.0,
              "Zone": ""
            }
          ],
          "InventoryAttachments": [],
          "InventoryCargo": [],
          "ConstructionPartsBuilt": []
        },
        {
          "ClassName": "MMG_balaclava_tan",
          "Chance": 1.0,
          "Quantity": {
            "Min": 0.0,
            "Max": 0.0
          },
          "Health": [
            {
              "Min": 0.699999988079071,
              "Max": 1.0,
              "Zone": ""
            }
          ],
          "InventoryAttachments": [],
          "InventoryCargo": [],
          "ConstructionPartsBuilt": []
        }
      ]
    },
    {
      "SlotName": "Legs",
      "Items": [
        {
          "ClassName": "MMG_combatpants_tan",
          "Chance": 1.0,
          "Quantity": {
            "Min": 0.0,
            "Max": 0.0
          },
          "Health": [
            {
              "Min": 0.699999988079071,
              "Max": 1.0,
              "Zone": ""
            }
          ],
          "InventoryAttachments": [],
          "InventoryCargo": [],
          "ConstructionPartsBuilt": []
        },
        {
          "ClassName": "mmg_tactical_pants_tan",
          "Chance": 1.0,
          "Quantity": {
            "Min": 0.0,
            "Max": 0.0
          },
          "Health": [
            {
              "Min": 0.699999988079071,
              "Max": 1.0,
              "Zone": ""
            }
          ],
          "InventoryAttachments": [],
          "InventoryCargo": [],
          "ConstructionPartsBuilt": []
        }
      ]
    },
    {
      "SlotName": "Feet",
      "Items": [
        {
          "ClassName": "MMG_boots_tan",
          "Chance": 1.0,
          "Quantity": {
            "Min": 0.0,
            "Max": 0.0
          },
          "Health": [
            {
              "Min": 0.699999988079071,
              "Max": 1.0,
              "Zone": ""
            }
          ],
          "InventoryAttachments": [],
          "InventoryCargo": [],
          "ConstructionPartsBuilt": []
        }
      ]
    },
    {
      "SlotName": "Back",
      "Items": [
        {
          "ClassName": "MMG_carrier_backpack_tan",
          "Chance": 0.6000000238418579,
          "Quantity": {
            "Min": 0.0,
            "Max": 0.0
          },
          "Health": [
            {
              "Min": 0.699999988079071,
              "Max": 1.0,
              "Zone": ""
            }
          ],
          "InventoryAttachments": [],
          "InventoryCargo": [
            {
              "ClassName": "BandageDressing",
              "Chance": 0.10000000149011612,
              "Quantity": {
                "Min": 0.0,
                "Max": 0.0
              },
              "Health": [],
              "InventoryAttachments": [],
              "InventoryCargo": [],
              "ConstructionPartsBuilt": []
            },
            {
              "ClassName": "BandageDressing",
              "Chance": 0.10000000149011612,
              "Quantity": {
                "Min": 0.0,
                "Max": 0.0
              },
              "Health": [],
              "InventoryAttachments": [],
              "InventoryCargo": [],
              "ConstructionPartsBuilt": []
            },
            {
              "ClassName": "Chemlight_Green",
              "Chance": 0.10000000149011612,
              "Quantity": {
                "Min": 0.0,
                "Max": 0.0
              },
              "Health": [],
              "InventoryAttachments": [],
              "InventoryCargo": [],
              "ConstructionPartsBuilt": []
            },
            {
              "ClassName": "Chemlight_Green",
              "Chance": 0.10000000149011612,
              "Quantity": {
                "Min": 0.0,
                "Max": 0.0
              },
              "Health": [],
              "InventoryAttachments": [],
              "InventoryCargo": [],
              "ConstructionPartsBuilt": []
            }
          ],
          "ConstructionPartsBuilt": []
        },
        {
          "ClassName": "MMG_mmps_bag_tan",
          "Chance": 0.6000000238418579,
          "Quantity": {
            "Min": 0.0,
            "Max": 0.0
          },
          "Health": [
            {
              "Min": 0.699999988079071,
              "Max": 1.0,
              "Zone": ""
            }
          ],
          "InventoryAttachments": [],
          "InventoryCargo": [
            {
              "ClassName": "BandageDressing",
              "Chance": 0.10000000149011612,
              "Quantity": {
                "Min": 0.0,
                "Max": 0.0
              },
              "Health": [],
              "InventoryAttachments": [],
              "InventoryCargo": [],
              "ConstructionPartsBuilt": []
            },
            {
              "ClassName": "BandageDressing",
              "Chance": 0.10000000149011612,
              "Quantity": {
                "Min": 0.0,
                "Max": 0.0
              },
              "Health": [],
              "InventoryAttachments": [],
              "InventoryCargo": [],
              "ConstructionPartsBuilt": []
            },
            {
              "ClassName": "Chemlight_Green",
              "Chance": 0.10000000149011612,
              "Quantity": {
                "Min": 0.0,
                "Max": 0.0
              },
              "Health": [],
              "InventoryAttachments": [],
              "InventoryCargo": [],
              "ConstructionPartsBuilt": []
            },
            {
              "ClassName": "Chemlight_Green",
              "Chance": 0.10000000149011612,
              "Quantity": {
                "Min": 0.0,
                "Max": 0.0
              },
              "Health": [],
              "InventoryAttachments": [],
              "InventoryCargo": [],
              "ConstructionPartsBuilt": []
            }
          ],
          "ConstructionPartsBuilt": []
        },
        {
          "ClassName": "MMG_supplybag_tan",
          "Chance": 1.0,
          "Quantity": {
            "Min": 0.0,
            "Max": 0.0
          },
          "Health": [
            {
              "Min": 0.699999988079071,
              "Max": 1.0,
              "Zone": ""
            }
          ],
          "InventoryAttachments": [],
          "InventoryCargo": [
            {
              "ClassName": "BandageDressing",
              "Chance": 0.10000000149011612,
              "Quantity": {
                "Min": 0.0,
                "Max": 0.0
              },
              "Health": [],
              "InventoryAttachments": [],
              "InventoryCargo": [],
              "ConstructionPartsBuilt": []
            },
            {
              "ClassName": "BandageDressing",
              "Chance": 0.10000000149011612,
              "Quantity": {
                "Min": 0.0,
                "Max": 0.0
              },
              "Health": [],
              "InventoryAttachments": [],
              "InventoryCargo": [],
              "ConstructionPartsBuilt": []
            },
            {
              "ClassName": "Chemlight_Green",
              "Chance": 0.10000000149011612,
              "Quantity": {
                "Min": 0.0,
                "Max": 0.0
              },
              "Health": [],
              "InventoryAttachments": [],
              "InventoryCargo": [],
              "ConstructionPartsBuilt": []
            },
            {
              "ClassName": "Chemlight_Green",
              "Chance": 0.10000000149011612,
              "Quantity": {
                "Min": 0.0,
                "Max": 0.0
              },
              "Health": [],
              "InventoryAttachments": [],
              "InventoryCargo": [],
              "ConstructionPartsBuilt": []
            }
          ],
          "ConstructionPartsBuilt": []
        },
        {
          "ClassName": "MMG_assault_pack_mct",
          "Chance": 1.0,
          "Quantity": {
            "Min": 0.0,
            "Max": 0.0
          },
          "Health": [
            {
              "Min": 0.699999988079071,
              "Max": 1.0,
              "Zone": ""
            }
          ],
          "InventoryAttachments": [],
          "InventoryCargo": [
            {
              "ClassName": "BandageDressing",
              "Chance": 0.10000000149011612,
              "Quantity": {
                "Min": 0.0,
                "Max": 0.0
              },
              "Health": [],
              "InventoryAttachments": [],
              "InventoryCargo": [],
              "ConstructionPartsBuilt": []
            },
            {
              "ClassName": "BandageDressing",
              "Chance": 0.10000000149011612,
              "Quantity": {
                "Min": 0.0,
                "Max": 0.0
              },
              "Health": [],
              "InventoryAttachments": [],
              "InventoryCargo": [],
              "ConstructionPartsBuilt": []
            },
            {
              "ClassName": "Chemlight_Green",
              "Chance": 0.10000000149011612,
              "Quantity": {
                "Min": 0.0,
                "Max": 0.0
              },
              "Health": [],
              "InventoryAttachments": [],
              "InventoryCargo": [],
              "ConstructionPartsBuilt": []
            },
            {
              "ClassName": "Chemlight_Green",
              "Chance": 0.10000000149011612,
              "Quantity": {
                "Min": 0.0,
                "Max": 0.0
              },
              "Health": [],
              "InventoryAttachments": [],
              "InventoryCargo": [],
              "ConstructionPartsBuilt": []
            }
          ],
          "ConstructionPartsBuilt": []
        },
        {
          "ClassName": "MMG_camelback_tan",
          "Chance": 1.0,
          "Quantity": {
            "Min": 0.0,
            "Max": 0.0
          },
          "Health": [
            {
              "Min": 0.699999988079071,
              "Max": 1.0,
              "Zone": ""
            }
          ],
          "InventoryAttachments": [],
          "InventoryCargo": [
            {
              "ClassName": "BandageDressing",
              "Chance": 0.10000000149011612,
              "Quantity": {
                "Min": 0.0,
                "Max": 0.0
              },
              "Health": [],
              "InventoryAttachments": [],
              "InventoryCargo": [],
              "ConstructionPartsBuilt": []
            },
            {
              "ClassName": "BandageDressing",
              "Chance": 0.10000000149011612,
              "Quantity": {
                "Min": 0.0,
                "Max": 0.0
              },
              "Health": [],
              "InventoryAttachments": [],
              "InventoryCargo": [],
              "ConstructionPartsBuilt": []
            },
            {
              "ClassName": "Chemlight_Green",
              "Chance": 0.10000000149011612,
              "Quantity": {
                "Min": 0.0,
                "Max": 0.0
              },
              "Health": [],
              "InventoryAttachments": [],
              "InventoryCargo": [],
              "ConstructionPartsBuilt": []
            },
            {
              "ClassName": "Chemlight_Green",
              "Chance": 0.10000000149011612,
              "Quantity": {
                "Min": 0.0,
                "Max": 0.0
              },
              "Health": [],
              "InventoryAttachments": [],
              "InventoryCargo": [],
              "ConstructionPartsBuilt": []
            }
          ],
          "ConstructionPartsBuilt": []
        }
      ]
    },
    {
      "SlotName": "Vest",
      "Items": [
        {
          "ClassName": "MMG_MK_III_Armor_tan",
          "Chance": 1.0,
          "Quantity": {
            "Min": 0.0,
            "Max": 0.0
          },
          "Health": [
            {
              "Min": 0.699999988079071,
              "Max": 1.0,
              "Zone": ""
            }
          ],
          "InventoryAttachments": [
            {
              "SlotName": "",
              "Items": [
                {
                  "ClassName": "MMG_triple_magpouch_tan",
                  "Chance": 0.75,
                  "Quantity": {
                    "Min": 0.0,
                    "Max": 0.0
                  },
                  "Health": [],
                  "InventoryAttachments": [],
                  "InventoryCargo": [],
                  "ConstructionPartsBuilt": []
                },
                {
                  "ClassName": "MMG_tactical_pouch_tan",
                  "Chance": 0.75,
                  "Quantity": {
                    "Min": 0.0,
                    "Max": 0.0
                  },
                  "Health": [],
                  "InventoryAttachments": [],
                  "InventoryCargo": [],
                  "ConstructionPartsBuilt": []
                },
                {
                  "ClassName": "MMG_Med_Pouch_tan",
                  "Chance": 0.75,
                  "Quantity": {
                    "Min": 0.0,
                    "Max": 0.0
                  },
                  "Health": [],
                  "InventoryAttachments": [],
                  "InventoryCargo": [],
                  "ConstructionPartsBuilt": []
                },
                {
                  "ClassName": "rgd5grenade",
                  "Chance": 0.75,
                  "Quantity": {
                    "Min": 0.0,
                    "Max": 0.0
                  },
                  "Health": [],
                  "InventoryAttachments": [],
                  "InventoryCargo": [],
                  "ConstructionPartsBuilt": []
                }
              ]
            }
          ],
          "InventoryCargo": [],
          "ConstructionPartsBuilt": []
        },
        {
          "ClassName": "MMG_MK_V_Armor_tan",
          "Chance": 1.0,
          "Quantity": {
            "Min": 0.0,
            "Max": 0.0
          },
          "Health": [
            {
              "Min": 0.699999988079071,
              "Max": 1.0,
              "Zone": ""
            }
          ],
          "InventoryAttachments": [
            {
              "SlotName": "",
              "Items": [
                {
                  "ClassName": "MMG_mk5_grenade_pouch_tan",
                  "Chance": 0.75,
                  "Quantity": {
                    "Min": 0.0,
                    "Max": 0.0
                  },
                  "Health": [],
                  "InventoryAttachments": [
                    {
                      "SlotName": "",
                      "Items": [
                        {
                          "ClassName": "rgd5grenade",
                          "Chance": 1.0,
                          "Quantity": {
                            "Min": 0.0,
                            "Max": 0.0
                          },
                          "Health": [],
                          "InventoryAttachments": [],
                          "InventoryCargo": [],
                          "ConstructionPartsBuilt": []
                        },
                        {
                          "ClassName": "rgd5grenade",
                          "Chance": 1.0,
                          "Quantity": {
                            "Min": 0.0,
                            "Max": 0.0
                          },
                          "Health": [],
                          "InventoryAttachments": [],
                          "InventoryCargo": [],
                          "ConstructionPartsBuilt": []
                        },
                        {
                          "ClassName": "m67grenade",
                          "Chance": 1.0,
                          "Quantity": {
                            "Min": 0.0,
                            "Max": 0.0
                          },
                          "Health": [],
                          "InventoryAttachments": [],
                          "InventoryCargo": [],
                          "ConstructionPartsBuilt": []
                        },
                        {
                          "ClassName": "m67grenade",
                          "Chance": 1.0,
                          "Quantity": {
                            "Min": 0.0,
                            "Max": 0.0
                          },
                          "Health": [],
                          "InventoryAttachments": [],
                          "InventoryCargo": [],
                          "ConstructionPartsBuilt": []
                        }
                      ]
                    }
                  ],
                  "InventoryCargo": [],
                  "ConstructionPartsBuilt": []
                },
                {
                  "ClassName": "MMG_mk5_utility_pouch_black",
                  "Chance": 0.75,
                  "Quantity": {
                    "Min": 0.0,
                    "Max": 0.0
                  },
                  "Health": [],
                  "InventoryAttachments": [],
                  "InventoryCargo": [],
                  "ConstructionPartsBuilt": []
                },
                {
                  "ClassName": "MMG_double_magpouch_tan",
                  "Chance": 0.75,
                  "Quantity": {
                    "Min": 0.0,
                    "Max": 0.0
                  },
                  "Health": [],
                  "InventoryAttachments": [],
                  "InventoryCargo": [],
                  "ConstructionPartsBuilt": []
                },
                {
                  "ClassName": "MMG_double_magpouch_tan",
                  "Chance": 0.75,
                  "Quantity": {
                    "Min": 0.0,
                    "Max": 0.0
                  },
                  "Health": [],
                  "InventoryAttachments": [],
                  "InventoryCargo": [],
                  "ConstructionPartsBuilt": []
                },
                {
                  "ClassName": "MMG_sheath_tan",
                  "Chance": 0.75,
                  "Quantity": {
                    "Min": 0.0,
                    "Max": 0.0
                  },
                  "Health": [],
                  "InventoryAttachments": [],
                  "InventoryCargo": [],
                  "ConstructionPartsBuilt": []
                },
                {
                  "ClassName": "MMG_Holster_tan",
                  "Chance": 0.75,
                  "Quantity": {
                    "Min": 0.0,
                    "Max": 0.0
                  },
                  "Health": [],
                  "InventoryAttachments": [],
                  "InventoryCargo": [],
                  "ConstructionPartsBuilt": []
                }
              ]
            }
          ],
          "InventoryCargo": [],
          "ConstructionPartsBuilt": []
        },
        {
          "ClassName": "MMG_tt_Vest_tan",
          "Chance": 1.0,
          "Quantity": {
            "Min": 0.0,
            "Max": 0.0
          },
          "Health": [
            {
              "Min": 0.699999988079071,
              "Max": 1.0,
              "Zone": ""
            }
          ],
          "InventoryAttachments": [
            {
              "SlotName": "",
              "Items": [
                {
                  "ClassName": "MMG_double_magpouch_tan",
                  "Chance": 0.75,
                  "Quantity": {
                    "Min": 0.0,
                    "Max": 0.0
                  },
                  "Health": [],
                  "InventoryAttachments": [],
                  "InventoryCargo": [],
                  "ConstructionPartsBuilt": []
                },
                {
                  "ClassName": "MMG_double_magpouch_tan",
                  "Chance": 0.75,
                  "Quantity": {
                    "Min": 0.0,
                    "Max": 0.0
                  },
                  "Health": [],
                  "InventoryAttachments": [],
                  "InventoryCargo": [],
                  "ConstructionPartsBuilt": []
                },
                {
                  "ClassName": "MMG_Med_Pouch_tan",
                  "Chance": 0.75,
                  "Quantity": {
                    "Min": 0.0,
                    "Max": 0.0
                  },
                  "Health": [],
                  "InventoryAttachments": [],
                  "InventoryCargo": [],
                  "ConstructionPartsBuilt": []
                },
                {
                  "ClassName": "MMG_tactical_pouch_tan",
                  "Chance": 0.75,
                  "Quantity": {
                    "Min": 0.0,
                    "Max": 0.0
                  },
                  "Health": [],
                  "InventoryAttachments": [],
                  "InventoryCargo": [],
                  "ConstructionPartsBuilt": []
                },
                {
                  "ClassName": "MMG_bottle_tan",
                  "Chance": 0.75,
                  "Quantity": {
                    "Min": 0.0,
                    "Max": 0.0
                  },
                  "Health": [],
                  "InventoryAttachments": [],
                  "InventoryCargo": [],
                  "ConstructionPartsBuilt": []
                },
                {
                  "ClassName": "rgd5grenade",
                  "Chance": 0.75,
                  "Quantity": {
                    "Min": 0.0,
                    "Max": 0.0
                  },
                  "Health": [],
                  "InventoryAttachments": [],
                  "InventoryCargo": [],
                  "ConstructionPartsBuilt": []
                },
                {
                  "ClassName": "rgd5grenade",
                  "Chance": 0.75,
                  "Quantity": {
                    "Min": 0.0,
                    "Max": 0.0
                  },
                  "Health": [],
                  "InventoryAttachments": [],
                  "InventoryCargo": [],
                  "ConstructionPartsBuilt": []
                }
              ]
            }
          ],
          "InventoryCargo": [],
          "ConstructionPartsBuilt": []
        },
        {
          "ClassName": "MMG_JPC_Vest_tan",
          "Chance": 1.0,
          "Quantity": {
            "Min": 0.0,
            "Max": 0.0
          },
          "Health": [
            {
              "Min": 0.699999988079071,
              "Max": 1.0,
              "Zone": ""
            }
          ],
          "InventoryAttachments": [
            {
              "SlotName": "",
              "Items": [
                {
                  "ClassName": "MMG_triple_magpouch_tan",
                  "Chance": 0.75,
                  "Quantity": {
                    "Min": 0.0,
                    "Max": 0.0
                  },
                  "Health": [],
                  "InventoryAttachments": [],
                  "InventoryCargo": [],
                  "ConstructionPartsBuilt": []
                },
                {
                  "ClassName": "MMG_Med_Pouch_tan",
                  "Chance": 0.75,
                  "Quantity": {
                    "Min": 0.0,
                    "Max": 0.0
                  },
                  "Health": [],
                  "InventoryAttachments": [],
                  "InventoryCargo": [],
                  "ConstructionPartsBuilt": []
                },
                {
                  "ClassName": "MMG_ammo_pouch_tan",
                  "Chance": 0.75,
                  "Quantity": {
                    "Min": 0.0,
                    "Max": 0.0
                  },
                  "Health": [],
                  "InventoryAttachments": [],
                  "InventoryCargo": [],
                  "ConstructionPartsBuilt": []
                },
                {
                  "ClassName": "MMG_sheath_tan",
                  "Chance": 0.75,
                  "Quantity": {
                    "Min": 0.0,
                    "Max": 0.0
                  },
                  "Health": [],
                  "InventoryAttachments": [],
                  "InventoryCargo": [],
                  "ConstructionPartsBuilt": []
                },
                {
                  "ClassName": "MMG_bottle_tan",
                  "Chance": 0.75,
                  "Quantity": {
                    "Min": 0.0,
                    "Max": 0.0
                  },
                  "Health": [],
                  "InventoryAttachments": [],
                  "InventoryCargo": [],
                  "ConstructionPartsBuilt": []
                },
                {
                  "ClassName": "rgd5grenade",
                  "Chance": 0.75,
                  "Quantity": {
                    "Min": 0.0,
                    "Max": 0.0
                  },
                  "Health": [],
                  "InventoryAttachments": [],
                  "InventoryCargo": [],
                  "ConstructionPartsBuilt": []
                }
              ]
            }
          ],
          "InventoryCargo": [],
          "ConstructionPartsBuilt": []
        }
      ]
    },
    {
      "SlotName": "Headgear",
      "Items": [
        {
          "ClassName": "MMG_tactical_helmet_tan",
          "Chance": 1.0,
          "Quantity": {
            "Min": 0.0,
            "Max": 0.0
          },
          "Health": [
            {
              "Min": 0.699999988079071,
              "Max": 1.0,
              "Zone": ""
            }
          ],
          "InventoryAttachments": [
            {
              "SlotName": "",
              "Items": [
                {
                  "ClassName": "mmg_gp_nvg_green",
                  "Chance": 0.4000000059604645,
                  "Quantity": {
                    "Min": 0.0,
                    "Max": 0.0
                  },
                  "Health": [
                    {
                      "Min": 0.699999988079071,
                      "Max": 1.0,
                      "Zone": ""
                    }
                  ],
                  "InventoryAttachments": [
                    {
                      "SlotName": "",
                      "Items": [
                        {
                          "ClassName": "Battery9V",
                          "Chance": 1.0,
                          "Quantity": {
                            "Min": 0.0,
                            "Max": 0.0
                          },
                          "Health": [],
                          "InventoryAttachments": [],
                          "InventoryCargo": [],
                          "ConstructionPartsBuilt": []
                        }
                      ]
                    }
                  ],
                  "InventoryCargo": [],
                  "ConstructionPartsBuilt": []
                }
              ]
            }
          ],
          "InventoryCargo": [],
          "ConstructionPartsBuilt": []
        },
        {
          "ClassName": "MMG_striker_helmet_tan",
          "Chance": 1.0,
          "Quantity": {
            "Min": 0.0,
            "Max": 0.0
          },
          "Health": [
            {
              "Min": 0.699999988079071,
              "Max": 1.0,
              "Zone": ""
            }
          ],
          "InventoryAttachments": [
            {
              "SlotName": "",
              "Items": [
                {
                  "ClassName": "mmg_gp_nvg_green",
                  "Chance": 0.4000000059604645,
                  "Quantity": {
                    "Min": 0.0,
                    "Max": 0.0
                  },
                  "Health": [
                    {
                      "Min": 0.699999988079071,
                      "Max": 1.0,
                      "Zone": ""
                    }
                  ],
                  "InventoryAttachments": [
                    {
                      "SlotName": "",
                      "Items": [
                        {
                          "ClassName": "Battery9V",
                          "Chance": 1.0,
                          "Quantity": {
                            "Min": 0.0,
                            "Max": 0.0
                          },
                          "Health": [],
                          "InventoryAttachments": [],
                          "InventoryCargo": [],
                          "ConstructionPartsBuilt": []
                        }
                      ]
                    }
                  ],
                  "InventoryCargo": [],
                  "ConstructionPartsBuilt": []
                }
              ]
            }
          ],
          "InventoryCargo": [],
          "ConstructionPartsBuilt": []
        }
      ]
    },
    {
      "SlotName": "Gloves",
      "Items": [
        {
          "ClassName": "mmg_tactical_gloves_tan",
          "Chance": 1.0,
          "Quantity": {
            "Min": 0.0,
            "Max": 0.0
          },
          "Health": [
            {
              "Min": 0.699999988079071,
              "Max": 1.0,
              "Zone": ""
            }
          ],
          "InventoryAttachments": [],
          "InventoryCargo": [],
          "ConstructionPartsBuilt": []
        },
        {
          "ClassName": "TacticalGloves_Black",
          "Chance": 1.0,
          "Quantity": {
            "Min": 0.0,
            "Max": 0.0
          },
          "Health": [
            {
              "Min": 0.699999988079071,
              "Max": 1.0,
              "Zone": ""
            }
          ],
          "InventoryAttachments": [],
          "InventoryCargo": [],
          "ConstructionPartsBuilt": []
        },
        {
          "ClassName": "TacticalGloves_Green",
          "Chance": 1.0,
          "Quantity": {
            "Min": 0.0,
            "Max": 0.0
          },
          "Health": [
            {
              "Min": 0.699999988079071,
              "Max": 1.0,
              "Zone": ""
            }
          ],
          "InventoryAttachments": [],
          "InventoryCargo": [],
          "ConstructionPartsBuilt": []
        },
        {
          "ClassName": "",
          "Chance": 1.0,
          "Quantity": {
            "Min": 0.0,
            "Max": 0.0
          },
          "Health": [
            {
              "Min": 0.699999988079071,
              "Max": 1.0,
              "Zone": ""
            }
          ],
          "InventoryAttachments": [],
          "InventoryCargo": [],
          "ConstructionPartsBuilt": []
        }
      ]
    },
    {
      "SlotName": "Hips",
      "Items": [
        {
          "ClassName": "MMG_falcon_b1_belt_tan",
          "Chance": 1.0,
          "Quantity": {
            "Min": 0.0,
            "Max": 0.0
          },
          "Health": [
            {
              "Min": 0.699999988079071,
              "Max": 1.0,
              "Zone": ""
            }
          ],
          "InventoryAttachments": [
            {
              "SlotName": "",
              "Items": [
                {
                  "ClassName": "MMG_Holster_tan",
                  "Chance": 0.75,
                  "Quantity": {
                    "Min": 0.0,
                    "Max": 0.0
                  },
                  "Health": [],
                  "InventoryAttachments": [],
                  "InventoryCargo": [],
                  "ConstructionPartsBuilt": []
                },
                {
                  "ClassName": "MMG_tactical_pouch_tan",
                  "Chance": 0.75,
                  "Quantity": {
                    "Min": 0.0,
                    "Max": 0.0
                  },
                  "Health": [],
                  "InventoryAttachments": [],
                  "InventoryCargo": [],
                  "ConstructionPartsBuilt": []
                },
                {
                  "ClassName": "MMG_Med_Pouch_tan",
                  "Chance": 0.75,
                  "Quantity": {
                    "Min": 0.0,
                    "Max": 0.0
                  },
                  "Health": [],
                  "InventoryAttachments": [],
                  "InventoryCargo": [],
                  "ConstructionPartsBuilt": []
                },
                {
                  "ClassName": "MMG_sheath_tan",
                  "Chance": 0.75,
                  "Quantity": {
                    "Min": 0.0,
                    "Max": 0.0
                  },
                  "Health": [],
                  "InventoryAttachments": [],
                  "InventoryCargo": [],
                  "ConstructionPartsBuilt": []
                },
                {
                  "ClassName": "MMG_bottle_tan",
                  "Chance": 0.75,
                  "Quantity": {
                    "Min": 0.0,
                    "Max": 0.0
                  },
                  "Health": [],
                  "InventoryAttachments": [],
                  "InventoryCargo": [],
                  "ConstructionPartsBuilt": []
                },
                {
                  "ClassName": "MMG_carbine_green",
                  "Chance": 0.75,
                  "Quantity": {
                    "Min": 0.0,
                    "Max": 0.0
                  },
                  "Health": [],
                  "InventoryAttachments": [
                    {
                      "SlotName": "",
                      "Items": [
                        {
                          "ClassName": "mmg_tactical_gloves_tan",
                          "Chance": 0.75,
                          "Quantity": {
                            "Min": 0.0,
                            "Max": 0.0
                          },
                          "Health": [],
                          "InventoryAttachments": [],
                          "InventoryCargo": [],
                          "ConstructionPartsBuilt": []
                        }
                      ]
                    }
                  ],
                  "InventoryCargo": [],
                  "ConstructionPartsBuilt": []
                },
                {
                  "ClassName": "Morphine",
                  "Chance": 0.75,
                  "Quantity": {
                    "Min": 0.0,
                    "Max": 0.0
                  },
                  "Health": [],
                  "InventoryAttachments": [],
                  "InventoryCargo": [],
                  "ConstructionPartsBuilt": []
                },
                {
                  "ClassName": "Epinephrine",
                  "Chance": 0.75,
                  "Quantity": {
                    "Min": 0.0,
                    "Max": 0.0
                  },
                  "Health": [],
                  "InventoryAttachments": [],
                  "InventoryCargo": [],
                  "ConstructionPartsBuilt": []
                }
              ]
            }
          ],
          "InventoryCargo": [],
          "ConstructionPartsBuilt": []
        }
      ]
    },
    {
      "SlotName": "Hands",
      "Items": [
        {
          "ClassName": "Scout",
          "Chance": 1.0,
          "Quantity": {
            "Min": 0.0,
            "Max": 0.0
          },
          "Health": [
            {
              "Min": 0.699999988079071,
              "Max": 1.0,
              "Zone": ""
            }
          ],
          "InventoryAttachments": [
            {
              "SlotName": "",
              "Items": [
                {
                  "ClassName": "Mag_Scout_5Rnd",
                  "Chance": 1.0,
                  "Quantity": {
                    "Min": 0.0,
                    "Max": 0.0
                  },
                  "Health": [],
                  "InventoryAttachments": [],
                  "InventoryCargo": [],
                  "ConstructionPartsBuilt": []
                },
                {
                  "ClassName": "ACOGOptic",
                  "Chance": 0.30000001192092898,
                  "Quantity": {
                    "Min": 0.0,
                    "Max": 0.0
                  },
                  "Health": [],
                  "InventoryAttachments": [],
                  "InventoryCargo": [],
                  "ConstructionPartsBuilt": []
                },
                {
                  "ClassName": "ACOGOptic_6x",
                  "Chance": 0.15000000596046449,
                  "Quantity": {
                    "Min": 0.0,
                    "Max": 0.0
                  },
                  "Health": [],
                  "InventoryAttachments": [],
                  "InventoryCargo": [],
                  "ConstructionPartsBuilt": []
                },
                {
                  "ClassName": "ReflexOptic",
                  "Chance": 0.07500000298023224,
                  "Quantity": {
                    "Min": 0.0,
                    "Max": 0.0
                  },
                  "Health": [],
                  "InventoryAttachments": [
                    {
                      "SlotName": "",
                      "Items": [
                        {
                          "ClassName": "Battery9V",
                          "Chance": 1.0,
                          "Quantity": {
                            "Min": 0.0,
                            "Max": 0.0
                          },
                          "Health": [],
                          "InventoryAttachments": [],
                          "InventoryCargo": [],
                          "ConstructionPartsBuilt": []
                        }
                      ]
                    }
                  ],
                  "InventoryCargo": [],
                  "ConstructionPartsBuilt": []
                },
                {
                  "ClassName": "M68Optic",
                  "Chance": 0.07500000298023224,
                  "Quantity": {
                    "Min": 0.0,
                    "Max": 0.0
                  },
                  "Health": [],
                  "InventoryAttachments": [
                    {
                      "SlotName": "",
                      "Items": [
                        {
                          "ClassName": "Battery9V",
                          "Chance": 1.0,
                          "Quantity": {
                            "Min": 0.0,
                            "Max": 0.0
                          },
                          "Health": [],
                          "InventoryAttachments": [],
                          "InventoryCargo": [],
                          "ConstructionPartsBuilt": []
                        }
                      ]
                    }
                  ],
                  "InventoryCargo": [],
                  "ConstructionPartsBuilt": []
                },
                {
                  "ClassName": "StarlightOptic",
                  "Chance": 0.05000000074505806,
                  "Quantity": {
                    "Min": 0.0,
                    "Max": 0.0
                  },
                  "Health": [],
                  "InventoryAttachments": [
                    {
                      "SlotName": "",
                      "Items": [
                        {
                          "ClassName": "Battery9V",
                          "Chance": 1.0,
                          "Quantity": {
                            "Min": 0.0,
                            "Max": 0.0
                          },
                          "Health": [],
                          "InventoryAttachments": [],
                          "InventoryCargo": [],
                          "ConstructionPartsBuilt": []
                        }
                      ]
                    }
                  ],
                  "InventoryCargo": [],
                  "ConstructionPartsBuilt": []
                }
              ]
            }
          ],
          "InventoryCargo": [],
          "ConstructionPartsBuilt": []
        },
        {
          "ClassName": "FAMAS",
          "Chance": 1.0,
          "Quantity": {
            "Min": 0.0,
            "Max": 0.0
          },
          "Health": [
            {
              "Min": 0.699999988079071,
              "Max": 1.0,
              "Zone": ""
            }
          ],
          "InventoryAttachments": [
            {
              "SlotName": "",
              "Items": [
                {
                  "ClassName": "Mag_FAMAS_25Rnd",
                  "Chance": 1.0,
                  "Quantity": {
                    "Min": 0.0,
                    "Max": 0.0
                  },
                  "Health": [],
                  "InventoryAttachments": [],
                  "InventoryCargo": [],
                  "ConstructionPartsBuilt": []
                }
              ]
            }
          ],
          "InventoryCargo": [],
          "ConstructionPartsBuilt": []
        },
        {
          "ClassName": "M4A1",
          "Chance": 1.0,
          "Quantity": {
            "Min": 0.0,
            "Max": 0.0
          },
          "Health": [
            {
              "Min": 0.699999988079071,
              "Max": 1.0,
              "Zone": ""
            }
          ],
          "InventoryAttachments": [
            {
              "SlotName": "",
              "Items": [
                {
                  "ClassName": "Mag_STANAG_30Rnd",
                  "Chance": 0.6000000238418579,
                  "Quantity": {
                    "Min": 0.0,
                    "Max": 0.0
                  },
                  "Health": [],
                  "InventoryAttachments": [],
                  "InventoryCargo": [],
                  "ConstructionPartsBuilt": []
                },
                {
                  "ClassName": "Mag_STANAG_60Rnd",
                  "Chance": 0.10000000149011612,
                  "Quantity": {
                    "Min": 0.0,
                    "Max": 0.0
                  },
                  "Health": [],
                  "InventoryAttachments": [],
                  "InventoryCargo": [],
                  "ConstructionPartsBuilt": []
                },
                {
                  "ClassName": "Mag_CMAG_10Rnd",
                  "Chance": 0.05000000074505806,
                  "Quantity": {
                    "Min": 0.0,
                    "Max": 0.0
                  },
                  "Health": [],
                  "InventoryAttachments": [],
                  "InventoryCargo": [],
                  "ConstructionPartsBuilt": []
                },
                {
                  "ClassName": "Mag_CMAG_20Rnd",
                  "Chance": 0.05000000074505806,
                  "Quantity": {
                    "Min": 0.0,
                    "Max": 0.0
                  },
                  "Health": [],
                  "InventoryAttachments": [],
                  "InventoryCargo": [],
                  "ConstructionPartsBuilt": []
                },
                {
                  "ClassName": "Mag_CMAG_30Rnd",
                  "Chance": 0.05000000074505806,
                  "Quantity": {
                    "Min": 0.0,
                    "Max": 0.0
                  },
                  "Health": [],
                  "InventoryAttachments": [],
                  "InventoryCargo": [],
                  "ConstructionPartsBuilt": []
                },
                {
                  "ClassName": "Mag_CMAG_40Rnd",
                  "Chance": 0.05000000074505806,
                  "Quantity": {
                    "Min": 0.0,
                    "Max": 0.0
                  },
                  "Health": [],
                  "InventoryAttachments": [],
                  "InventoryCargo": [],
                  "ConstructionPartsBuilt": []
                },
                {
                  "ClassName": "M4_CQBBttstck",
                  "Chance": 0.33000001311302187,
                  "Quantity": {
                    "Min": 0.0,
                    "Max": 0.0
                  },
                  "Health": [],
                  "InventoryAttachments": [],
                  "InventoryCargo": [],
                  "ConstructionPartsBuilt": []
                },
                {
                  "ClassName": "M4_MPBttstck",
                  "Chance": 0.33000001311302187,
                  "Quantity": {
                    "Min": 0.0,
                    "Max": 0.0
                  },
                  "Health": [],
                  "InventoryAttachments": [],
                  "InventoryCargo": [],
                  "ConstructionPartsBuilt": []
                },
                {
                  "ClassName": "M4_OEBttstck",
                  "Chance": 0.33000001311302187,
                  "Quantity": {
                    "Min": 0.0,
                    "Max": 0.0
                  },
                  "Health": [],
                  "InventoryAttachments": [],
                  "InventoryCargo": [],
                  "ConstructionPartsBuilt": []
                },
                {
                  "ClassName": "M4_MPHndgrd",
                  "Chance": 0.33000001311302187,
                  "Quantity": {
                    "Min": 0.0,
                    "Max": 0.0
                  },
                  "Health": [],
                  "InventoryAttachments": [],
                  "InventoryCargo": [],
                  "ConstructionPartsBuilt": []
                },
                {
                  "ClassName": "M4_PlasticHndgrd",
                  "Chance": 0.33000001311302187,
                  "Quantity": {
                    "Min": 0.0,
                    "Max": 0.0
                  },
                  "Health": [],
                  "InventoryAttachments": [],
                  "InventoryCargo": [],
                  "ConstructionPartsBuilt": []
                },
                {
                  "ClassName": "M4_RISHndgrd",
                  "Chance": 0.33000001311302187,
                  "Quantity": {
                    "Min": 0.0,
                    "Max": 0.0
                  },
                  "Health": [],
                  "InventoryAttachments": [],
                  "InventoryCargo": [],
                  "ConstructionPartsBuilt": []
                },
                {
                  "ClassName": "ACOGOptic",
                  "Chance": 0.30000001192092898,
                  "Quantity": {
                    "Min": 0.0,
                    "Max": 0.0
                  },
                  "Health": [],
                  "InventoryAttachments": [],
                  "InventoryCargo": [],
                  "ConstructionPartsBuilt": []
                },
                {
                  "ClassName": "ACOGOptic_6x",
                  "Chance": 0.05000000074505806,
                  "Quantity": {
                    "Min": 0.0,
                    "Max": 0.0
                  },
                  "Health": [],
                  "InventoryAttachments": [],
                  "InventoryCargo": [],
                  "ConstructionPartsBuilt": []
                },
                {
                  "ClassName": "ReflexOptic",
                  "Chance": 0.10000000149011612,
                  "Quantity": {
                    "Min": 0.0,
                    "Max": 0.0
                  },
                  "Health": [],
                  "InventoryAttachments": [
                    {
                      "SlotName": "",
                      "Items": [
                        {
                          "ClassName": "Battery9V",
                          "Chance": 1.0,
                          "Quantity": {
                            "Min": 0.0,
                            "Max": 0.0
                          },
                          "Health": [],
                          "InventoryAttachments": [],
                          "InventoryCargo": [],
                          "ConstructionPartsBuilt": []
                        }
                      ]
                    }
                  ],
                  "InventoryCargo": [],
                  "ConstructionPartsBuilt": []
                },
                {
                  "ClassName": "M68Optic",
                  "Chance": 0.10000000149011612,
                  "Quantity": {
                    "Min": 0.0,
                    "Max": 0.0
                  },
                  "Health": [],
                  "InventoryAttachments": [
                    {
                      "SlotName": "",
                      "Items": [
                        {
                          "ClassName": "Battery9V",
                          "Chance": 1.0,
                          "Quantity": {
                            "Min": 0.0,
                            "Max": 0.0
                          },
                          "Health": [],
                          "InventoryAttachments": [],
                          "InventoryCargo": [],
                          "ConstructionPartsBuilt": []
                        }
                      ]
                    }
                  ],
                  "InventoryCargo": [],
                  "ConstructionPartsBuilt": []
                },
                {
                  "ClassName": "M4_T3NRDSOptic",
                  "Chance": 0.10000000149011612,
                  "Quantity": {
                    "Min": 0.0,
                    "Max": 0.0
                  },
                  "Health": [],
                  "InventoryAttachments": [
                    {
                      "SlotName": "",
                      "Items": [
                        {
                          "ClassName": "Battery9V",
                          "Chance": 1.0,
                          "Quantity": {
                            "Min": 0.0,
                            "Max": 0.0
                          },
                          "Health": [],
                          "InventoryAttachments": [],
                          "InventoryCargo": [],
                          "ConstructionPartsBuilt": []
                        }
                      ]
                    }
                  ],
                  "InventoryCargo": [],
                  "ConstructionPartsBuilt": []
                },
                {
                  "ClassName": "StarlightOptic",
                  "Chance": 0.009999999776482582,
                  "Quantity": {
                    "Min": 0.0,
                    "Max": 0.0
                  },
                  "Health": [],
                  "InventoryAttachments": [
                    {
                      "SlotName": "",
                      "Items": [
                        {
                          "ClassName": "Battery9V",
                          "Chance": 1.0,
                          "Quantity": {
                            "Min": 0.0,
                            "Max": 0.0
                          },
                          "Health": [],
                          "InventoryAttachments": [],
                          "InventoryCargo": [],
                          "ConstructionPartsBuilt": []
                        }
                      ]
                    }
                  ],
                  "InventoryCargo": [],
                  "ConstructionPartsBuilt": []
                },
                {
                  "ClassName": "M4_CarryHandleOptic",
                  "Chance": 1.0,
                  "Quantity": {
                    "Min": 0.0,
                    "Max": 0.0
                  },
                  "Health": [],
                  "InventoryAttachments": [],
                  "InventoryCargo": [],
                  "ConstructionPartsBuilt": []
                }
              ]
            }
          ],
          "InventoryCargo": [],
          "ConstructionPartsBuilt": []
        },
        {
          "ClassName": "Aug",
          "Chance": 1.0,
          "Quantity": {
            "Min": 0.0,
            "Max": 0.0
          },
          "Health": [
            {
              "Min": 0.699999988079071,
              "Max": 1.0,
              "Zone": ""
            }
          ],
          "InventoryAttachments": [
            {
              "SlotName": "",
              "Items": [
                {
                  "ClassName": "Mag_Aug_30Rnd",
                  "Chance": 1.0,
                  "Quantity": {
                    "Min": 0.0,
                    "Max": 0.0
                  },
                  "Health": [],
                  "InventoryAttachments": [],
                  "InventoryCargo": [],
                  "ConstructionPartsBuilt": []
                }
              ]
            }
          ],
          "InventoryCargo": [],
          "ConstructionPartsBuilt": []
        },
        {
          "ClassName": "AugShort",
          "Chance": 1.0,
          "Quantity": {
            "Min": 0.0,
            "Max": 0.0
          },
          "Health": [
            {
              "Min": 0.699999988079071,
              "Max": 1.0,
              "Zone": ""
            }
          ],
          "InventoryAttachments": [
            {
              "SlotName": "",
              "Items": [
                {
                  "ClassName": "Mag_Aug_30Rnd",
                  "Chance": 1.0,
                  "Quantity": {
                    "Min": 0.0,
                    "Max": 0.0
                  },
                  "Health": [],
                  "InventoryAttachments": [],
                  "InventoryCargo": [],
                  "ConstructionPartsBuilt": []
                },
                {
                  "ClassName": "ACOGOptic",
                  "Chance": 0.30000001192092898,
                  "Quantity": {
                    "Min": 0.0,
                    "Max": 0.0
                  },
                  "Health": [],
                  "InventoryAttachments": [],
                  "InventoryCargo": [],
                  "ConstructionPartsBuilt": []
                },
                {
                  "ClassName": "ACOGOptic_6x",
                  "Chance": 0.05000000074505806,
                  "Quantity": {
                    "Min": 0.0,
                    "Max": 0.0
                  },
                  "Health": [],
                  "InventoryAttachments": [],
                  "InventoryCargo": [],
                  "ConstructionPartsBuilt": []
                },
                {
                  "ClassName": "ReflexOptic",
                  "Chance": 0.10000000149011612,
                  "Quantity": {
                    "Min": 0.0,
                    "Max": 0.0
                  },
                  "Health": [],
                  "InventoryAttachments": [
                    {
                      "SlotName": "",
                      "Items": [
                        {
                          "ClassName": "Battery9V",
                          "Chance": 1.0,
                          "Quantity": {
                            "Min": 0.0,
                            "Max": 0.0
                          },
                          "Health": [],
                          "InventoryAttachments": [],
                          "InventoryCargo": [],
                          "ConstructionPartsBuilt": []
                        }
                      ]
                    }
                  ],
                  "InventoryCargo": [],
                  "ConstructionPartsBuilt": []
                },
                {
                  "ClassName": "M68Optic",
                  "Chance": 0.10000000149011612,
                  "Quantity": {
                    "Min": 0.0,
                    "Max": 0.0
                  },
                  "Health": [],
                  "InventoryAttachments": [
                    {
                      "SlotName": "",
                      "Items": [
                        {
                          "ClassName": "Battery9V",
                          "Chance": 1.0,
                          "Quantity": {
                            "Min": 0.0,
                            "Max": 0.0
                          },
                          "Health": [],
                          "InventoryAttachments": [],
                          "InventoryCargo": [],
                          "ConstructionPartsBuilt": []
                        }
                      ]
                    }
                  ],
                  "InventoryCargo": [],
                  "ConstructionPartsBuilt": []
                },
                {
                  "ClassName": "M4_T3NRDSOptic",
                  "Chance": 0.10000000149011612,
                  "Quantity": {
                    "Min": 0.0,
                    "Max": 0.0
                  },
                  "Health": [],
                  "InventoryAttachments": [
                    {
                      "SlotName": "",
                      "Items": [
                        {
                          "ClassName": "Battery9V",
                          "Chance": 1.0,
                          "Quantity": {
                            "Min": 0.0,
                            "Max": 0.0
                          },
                          "Health": [],
                          "InventoryAttachments": [],
                          "InventoryCargo": [],
                          "ConstructionPartsBuilt": []
                        }
                      ]
                    }
                  ],
                  "InventoryCargo": [],
                  "ConstructionPartsBuilt": []
                },
                {
                  "ClassName": "StarlightOptic",
                  "Chance": 0.009999999776482582,
                  "Quantity": {
                    "Min": 0.0,
                    "Max": 0.0
                  },
                  "Health": [],
                  "InventoryAttachments": [
                    {
                      "SlotName": "",
                      "Items": [
                        {
                          "ClassName": "Battery9V",
                          "Chance": 1.0,
                          "Quantity": {
                            "Min": 0.0,
                            "Max": 0.0
                          },
                          "Health": [],
                          "InventoryAttachments": [],
                          "InventoryCargo": [],
                          "ConstructionPartsBuilt": []
                        }
                      ]
                    }
                  ],
                  "InventoryCargo": [],
                  "ConstructionPartsBuilt": []
                }
              ]
            }
          ],
          "InventoryCargo": [],
          "ConstructionPartsBuilt": []
        },
        {
          "ClassName": "M16A2",
          "Chance": 1.0,
          "Quantity": {
            "Min": 0.0,
            "Max": 0.0
          },
          "Health": [
            {
              "Min": 0.699999988079071,
              "Max": 1.0,
              "Zone": ""
            }
          ],
          "InventoryAttachments": [
            {
              "SlotName": "",
              "Items": [
                {
                  "ClassName": "Mag_STANAG_60Rnd",
                  "Chance": 0.20000000298023225,
                  "Quantity": {
                    "Min": 0.0,
                    "Max": 0.0
                  },
                  "Health": [],
                  "InventoryAttachments": [],
                  "InventoryCargo": [],
                  "ConstructionPartsBuilt": []
                },
                {
                  "ClassName": "Mag_STANAG_30Rnd",
                  "Chance": 1.0,
                  "Quantity": {
                    "Min": 0.0,
                    "Max": 0.0
                  },
                  "Health": [],
                  "InventoryAttachments": [],
                  "InventoryCargo": [],
                  "ConstructionPartsBuilt": []
                }
              ]
            }
          ],
          "InventoryCargo": [],
          "ConstructionPartsBuilt": []
        }
      ]
    }
  ],
  "InventoryCargo": [
    {
      "ClassName": "Apple",
      "Chance": 0.10000000149011612,
      "Quantity": {
        "Min": 0.0,
        "Max": 0.0
      },
      "Health": [],
      "InventoryAttachments": [],
      "InventoryCargo": [],
      "ConstructionPartsBuilt": []
    },
    {
      "ClassName": "BandageDressing",
      "Chance": 0.15000000596046449,
      "Quantity": {
        "Min": 0.0,
        "Max": 0.0
      },
      "Health": [],
      "InventoryAttachments": [],
      "InventoryCargo": [],
      "ConstructionPartsBuilt": []
    }
  ],
  "ConstructionPartsBuilt": []
}