{
    "ConfigVersion": 22,
    "ID": 3,
    "ObjectiveType": 4,
    "ObjectiveText": "Kill 10 Brown Chickens and bring them back to Peter at the Trader.",
    "TimeLimit": -1,
    "Collections": [
        {
            "Amount": 10,
            "ClassName": "DeadChicken_Brown",
            "QuantityPercent": -1,
            "MinQuantityPercent": 0
        }
    ],
    "MaxDistance": 10.0,
    "MarkerName": "Deliver Items",
    "ShowDistance": 1,
    "AddItemsToNearbyMarketZone": 0,
    "NeedAnyCollection": 0
}