{
    "m_Version": 12,
    "DisableShootToUnlock": 0,
    "EnableGravecross": 0,
    "GravecrossDeleteBody": 1,
    "GravecrossTimeThreshold": 1200.0,
    "GravecrossSpawnTimeDelay": 180.0,
    "Mapping": {
        "UseCustomMappingModule": 0,
        "Mapping": [
            "BerezhkiCave",
            "Berezino",
            "Chernogorsk_Enhancement1",
            "Chernogorsk_Enhancement2",
            "Chernogorsk_Forest1",
            "Chernogorsk_Forest2",
            "Chernogorsk_Highschool",
            "Elektrozavodsk",
            "Evacuation",
            "Factory",
            "Gorka",
            "Kamenka",
            "Kamyshovo",
            "Krutoy_Cap",
            "Myshkino",
            "Nadezhdino",
            "Novodmitrovsk",
            "Radom_Stuff",
            "Roads",
            "Sea_Platform",
            "Solnechniy",
            "Staroye",
            "StaryYarBkr",
            "Svetloyarsk",
            "Tisy",
            "BerezinoNoCollision",
            "Chernogorsk_Enhancement1NoCollision",
            "Chernogorsk_Enhancement2NoCollision",
            "Chernogorsk_Forest1NoCollision",
            "Chernogorsk_Forest2NoCollision",
            "Chernogorsk_Grass1NoCollision",
            "Chernogorsk_Grass2NoCollision",
            "Chernogorsk_HighschoolNoCollision",
            "DebugIslandNoCollision",
            "ElektrozavodskNoCollision",
            "EvacuationNoCollision",
            "GorkaNoCollision",
            "GrassNoCollision",
            "KamenkaNoCollision",
            "Kamyshovo_GrassNoCollision",
            "KamyshovoNoCollision",
            "Krutoy_CapNoCollision",
            "MyshkinoNoCollision",
            "NWAFenhanced",
            "NadezhdinoNoCollision",
            "Radom_StuffNoCollision",
            "RoadsNoCollision",
            "Solnechniy_GrassNoCollision",
            "StaroyeNoCollision",
            "StaryYarBkrNoCollision",
            "SvetloyarskNoCollision",
            "SvetRoadForestNoCollision",
            "TisyNoCollision"
        ],
        "BuildingInteriors": 0,
        "Interiors": [
            "Land_Barn_Brick2",
            "Land_Barn_Metal_Big",
            "Land_Barn_Wood2",
            "Land_BarnMetal_Big_Grey",
            "Land_City_Hospital",
            "Land_Garage_Big",
            "Land_Garage_Row_Big",
            "Land_Shed_Closed",
            "Land_House_1W01",
            "Land_House_1W02",
            "Land_House_1W06",
            "Land_House_1W07",
            "Land_House_1W11",
            "Land_House_2B01",
            "Land_House_2B02",
            "Land_House_2B03",
            "Land_House_2B04",
            "Land_House_2W01",
            "Land_House_2W02",
            "Land_House_2W03",
            "Land_Rail_Station_Big"
        ],
        "BuildingIvys": 0
    },
    "EnableLamps": 3,
    "EnableGenerators": 0,
    "EnableLighthouses": 1,
    "EnableHUDNightvisionOverlay": 1,
    "DisableMagicCrosshair": 1,
    "EnableAutoRun": 1,
    "UnlimitedStamina": 0,
    "UseDeathScreen": 1,
    "UseDeathScreenStatistics": 1,
    "UseExpansionMainMenuLogo": 1,
    "UseExpansionMainMenuIcons": 1,
    "UseExpansionMainMenuIntroScene": 1,
    "UseNewsFeedInGameMenu": 1,
    "HUDColors": {
        "StaminaBarColor": "FFFFFFFF",
        "NotifierDividerColor": "DCDCDCFF",
        "TemperatureBurningColor": "DC0000FF",
        "TemperatureHotColor": "DCDC00FF",
        "TemperatureIdealColor": "DCDCDCFF",
        "TemperatureColdColor": "00CED1FF",
        "TemperatureFreezingColor": "1E90DCFF",
        "NotifiersIdealColor": "DCDCDCFF",
        "NotifiersHalfColor": "DCDC00FF",
        "NotifiersLowColor": "DC0000FF",
        "ReputationBaseColor": "DCDCDCFF",
        "ReputationMedColor": "DCDC00FF",
        "ReputationHighColor": "DC0000FF"
    },
    "EnableEarPlugs": 1,
    "InGameMenuLogoPath": "set:expansion_iconset image:logo_expansion_white"
}