{
    "m_Version": 7,
    "Safezone": 1,
    "AdminTools": 1,
    "ExplosionDamageSystem": 1,
    "VehicleCarKey": 1,
    "VehicleTowing": 1,
    "VehicleLockPicking": 1,
    "VehicleDestroyed": 1,
    "VehicleAttachments": 1,
    "VehicleEnter": 1,
    "VehicleLeave": 1,
    "VehicleDeleted": 1,
    "VehicleEngine": 1,
    "BaseBuildingRaiding": 1,
    "CodeLockRaiding": 1,
    "Territory": 1,
    "Killfeed": 1,
    "SpawnSelection": 1,
    "Party": 1,
    "MissionAirdrop": 1,
    "Chat": 1,
    "Market": 1,
    "ATM": 1,
    "AIGeneral": 1,
    "AIPatrol": 1,
    "AIObjectPatrol": 1,
    "LogToScripts": 0,
    "LogToADM": 0,
    "Hardline": 1,
    "Garage": 1,
    "VehicleCover": 1,
    "EntityStorage": 1
}