{
    "m_Version": 6,
    "EnableParties": 1,
    "MaxMembersInParty": 10,
    "UseWholeMapForInviteList": 0,
    "ShowPartyMember3DMarkers": 1,
    "ShowDistanceUnderPartyMembersMarkers": 1,
    "ShowNameOnPartyMembersMarkers": 1,
    "EnableQuickMarker": 1,
    "ShowDistanceUnderQuickMarkers": 1,
    "ShowNameOnQuickMarkers": 1,
    "CanCreatePartyMarkers": 1,
    "ShowPartyMemberHUD": 1,
    "ShowHUDMemberBlood": 1,
    "ShowHUDMemberStates": 1,
    "ShowHUDMemberStance": 1,
    "ShowPartyMemberMapMarkers": 1,
    "ShowHUDMemberDistance": 1,
    "ForcePartyToHaveTags": 0
}