<?xml version="1.0" encoding="UTF-8"?>
<territory-type>
    <territory color="4283782655">
        <zone name="Graze" smin="0" smax="0" dmin="0" dmax="0" x="955.429" z="15490.9" r="80"/>
        <zone name="Graze" smin="0" smax="0" dmin="0" dmax="0" x="1530" z="14896" r="80"/>
        <zone name="Graze" smin="0" smax="0" dmin="0" dmax="0" x="1144" z="14884" r="80"/>
    </territory>
    <territory color="2063597823">
        <zone name="Graze" smin="0" smax="0" dmin="0" dmax="0" x="2160.75" z="8848" r="200"/>
        <zone name="Rest" smin="0" smax="0" dmin="0" dmax="0" x="1644.3" z="9026.71" r="200"/>
        <zone name="Rest" smin="0" smax="0" dmin="0" dmax="0" x="2064" z="9325.67" r="200"/>
    </territory>
    <territory color="1912602879">
        <zone name="Graze" smin="0" smax="0" dmin="0" dmax="0" x="7080" z="7248" r="250"/>
    </territory>
    <territory color="1711276287">
        <zone name="Graze" smin="0" smax="0" dmin="0" dmax="0" x="9496.06" z="9813.71" r="150"/>
        <zone name="Rest" smin="0" smax="0" dmin="0" dmax="0" x="8603.89" z="9549.4" r="150"/>
        <zone name="Graze" smin="0" smax="0" dmin="0" dmax="0" x="9218.3" z="8954.8" r="150"/>
    </territory>
    <territory color="1946157311">
        <zone name="Rest" smin="0" smax="0" dmin="0" dmax="0" x="8424" z="5332" r="100"/>
        <zone name="Rest" smin="0" smax="0" dmin="0" dmax="0" x="8492" z="5084" r="80"/>
    </territory>
</territory-type>
