{
    "m_Version": 10,
    "PoorItemRequirement": 0,
    "CommonItemRequirement": 500,
    "UncommonItemRequirement": 1000,
    "RareItemRequirement": 2000,
    "EpicItemRequirement": 3000,
    "LegendaryItemRequirement": 4000,
    "MythicItemRequirement": 5000,
    "ExoticItemRequirement": 10000,
    "ShowHardlineHUD": 1,
    "UseReputation": 1,
    "UseFactionReputation": 0,
    "EnableFactionPersistence": 0,
    "EnableItemRarity": 1,
    "UseItemRarityOnInventoryIcons": 1,
    "UseItemRarityForMarketPurchase": 1,
    "UseItemRarityForMarketSell": 1,
    "MaxReputation": 0,
    "ReputationLossOnDeath": 300,
    "DefaultItemRarity": 2,
    "EntityReputation": {
        "Animal_GallusGallusDomesticus": 1,
        "eAIBase": 25,
        "AnimalBase": 5,
        "ZmbM_SoldierNormal_Base": 20,
        "Animal_UrsusArctos": 50,
        "ZmbM_NBC_Grey": 20,
        "ZombieBase": 5,
        "PlayerBase": 10,
        "Animal_UrsusMaritimus": 50,
        "ZmbM_NBC_Yellow": 20
    },
    "ItemRarity": {
        "mag_expansion_m9_15rnd": 5,
        "booniehat_blue": 4,
        "expansion_landrover": 6,
        "policejacketorel": 3,
        "wolfsteakmeat": 3,
        "aug": 5,
        "darkmotohelmet_red": 5,
        "joggingshoes_black": 2,
        "mag_clip9x19_10rnd": 5,
        "kukriknife": 4,
        "mag_saiga_8rnd": 5,
        "wellies_black": 4,
        "ammobox_545x39tracer_20rnd": 4,
        "drybag_blue": 3,
        "expansion_ammobox_8mm_15rnd": 4,
        "ammobox": 5,
        "jumpsuitjacket_gray": 2,
        "spotlight": 4,
        "mosin_compensator": 4,
        "militaryboots_brown": 5,
        "mp5_plastichndgrd": 3,
        "epinephrine": 5,
        "bomberjacket_blue": 2,
        "ammo_380": 4,
        "ammo_762x54tracer": 4,
        "mag_saiga_5rnd": 5,
        "mag_ruger1022_30rnd": 5,
        "aek": 5,
        "athleticshoes_brown": 2,
        "ammobox_556x45tracer_20rnd": 4,
        "ammo_308win": 4,
        "salinebag": 5,
        "militaryboots_bluerock": 5,
        "nbcbootsgray": 6,
        "ghilliehood_tan": 6,
        "ammobox_556x45_20rnd": 4,
        "ak_plastichndgrd": 5,
        "ballerinas_red": 2,
        "sneakers_white": 2,
        "ttak458": 5,
        "ammo_expansion_m203_sticky_smoke_purple": 3,
        "barrel_blue": 5,
        "m4_cqbbttstck": 5,
        "ammo_expansion_46x30": 4,
        "mountainbag_orange": 5,
        "mag_expansion_vityaz_30rnd": 5,
        "sneakers_green": 2,
        "raincoat_black": 4,
        "labcoat": 2,
        "ammo_308wintracer": 4,
        "smershbag": 4,
        "raincoat_yellow": 4,
        "ammo_556x45": 4,
        "woolcoat_green": 2,
        "quiltedjacket_orange": 2,
        "assaultbag_black": 4,
        "mag_mp5_15rnd": 5,
        "m4_mphndgrd": 5,
        "gorkaejacket_flat": 5,
        "jumpsuitjacket_red": 2,
        "ghillieatt_woodland": 5,
        "cablereel": 4,
        "barrelholes_red": 5,
        "purificationtablets": 4,
        "ammo_762x54": 4,
        "ammobox_9x19_25rnd": 4,
        "platecarrierholster": 4,
        "chemlight_blue": 3,
        "woolcoat_browncheck": 2,
        "hockeymask": 3,
        "flashgrenade": 4,
        "ttar9": 5,
        "hikingbootslow_blue": 3,
        "hikingjacket_black": 3,
        "dirtbikehelmet_red": 4,
        "expansionrpg7": 6,
        "m18smokegrenade_green": 4,
        "ghillietop_tan": 6,
        "mp5_railhndgrd": 3,
        "quiltedjacket_violet": 2,
        "barrelholes_blue": 5,
        "ammo_12gaslug": 4,
        "firefightershelmet_yellow": 5,
        "surgicalmask": 2,
        "paramedicjacket_blue": 3,
        "beaniehat_blue": 3,
        "ttrpdmag": 5,
        "thermometer": 3,
        "machete": 4,
        "childbag_red": 2,
        "expansiongoldnugget": 5,
        "mag_mosin_5rnd": 5,
        "denimjacket": 2,
        "tracksuitjacket_green": 2,
        "offroadhatchback": 5,
        "dressshoes_brown": 2,
        "kitchenknife": 4,
        "dirtbikehelmet_police": 4,
        "ak_foldingbttstck": 4,
        "megaphone": 4,
        "combatboots_grey": 4,
        "barrel_yellow": 5,
        "ammo_545x39tracer": 4,
        "ammo_12gapellets": 4,
        "tracksuitjacket_red": 2,
        "taloonbag_green": 3,
        "expansioncowboyhatrattlesnake": 3,
        "firefighterjacket_beige": 2,
        "mag_stanag_60rnd": 5,
        "militaryberet_chdkz": 3,
        "ammo_expansion_m203_smoke_white": 3,
        "motohelmet_black": 4,
        "bomberjacket_olive": 2,
        "orientalmachete": 4,
        "booniehat_flecktran": 4,
        "ak_suppressor": 5,
        "joggingshoes_white": 2,
        "woolcoat_blackcheck": 2,
        "medicalscrubshat_blue": 2,
        "ammo_expansion_m203_smoke_green": 3,
        "mag_expansion_m14_20rnd": 5,
        "expansion_m18smokegrenade_teargas": 4,
        "constructionhelmet_blue": 4,
        "ruger1022": 2,
        "nbcglovesgray": 6,
        "drybag_yellow": 3,
        "taloonbag_violet": 3,
        "goatsteakmeat": 3,
        "mag_cz61_20rnd": 5,
        "barrel_red": 5,
        "athleticshoes_green": 2,
        "mag_ruger1022_15rnd": 5,
        "mag_cmag_40rnd": 5,
        "dirtbikehelmet_khaki": 4,
        "combatboots_brown": 4,
        "huntingbag": 4,
        "dressshoes_sunburst": 2,
        "tt_derringer": 4,
        "ak_woodbttstck": 4,
        "tt135": 5,
        "dirtbikehelmet_visor": 4,
        "surgicalgloves_blue": 2,
        "m16a2": 5,
        "quiltedjacket_grey": 2,
        "athleticshoes_grey": 2,
        "workinggloves_brown": 3,
        "mag_ak74_30rnd": 5,
        "paramedicjacket_crimson": 3,
        "expansiontacticalglovesdesert": 4,
        "tt870": 4,
        "quiltedjacket_red": 2,
        "ammobox_9x39ap_20rnd": 4,
        "weaponcleaningkit": 4,
        "barrelholes_green": 5,
        "mag_clip762x54_5rnd": 5,
        "dirtbikehelmet_chernarus": 4,
        "balaclavamask_blue": 4,
        "drybag_black": 3,
        "expansion_crossbow": 4,
        "ballerinas_blue": 2,
        "mountainbag_red": 5,
        "wellies_brown": 4,
        "drybag_orange": 3,
        "militaryberet_un": 3,
        "woolcoat_beige": 2,
        "dirtbikehelmet_black": 4,
        "balaclavamask_blackskull": 4,
        "kitchentimer": 3,
        "roadflare": 4,
        "expansioncoyoteblack": 4,
        "ak_plasticbttstck": 4,
        "fangeknife": 2,
        "mag_akm_30rnd": 5,
        "firstaidkit": 3,
        "ak74": 5,
        "huntingjacket_autumn": 5,
        "hockeyhelmet_white": 4,
        "ghilliehood_mossy": 6,
        "ammobox_762x39_20rnd": 4,
        "mag_expansion_taser": 5,
        "jungleboots_black": 4,
        "skatehelmet_red": 4,
        "athleticshoes_blue": 2,
        "ammo_expansion_m203_smoke_yellow": 3,
        "m65jacket_tan": 5,
        "tlrlight": 4,
        "hockeyhelmet_red": 4,
        "dressshoes_white": 2,
        "ammobox_9x39_20rnd": 4,
        "platecarrierpouches": 4,
        "mag_fnx45_15rnd": 5,
        "gorkaejacket_summer": 5,
        "beaniehat_brown": 3,
        "joggingshoes_violet": 2,
        "balaclavamask_black": 4,
        "makarovij70": 5,
        "skatehelmet_blue": 4,
        "personalradio": 4,
        "mag_stanagcoupled_30rnd": 5,
        "balaclavamask_pink": 4,
        "hockeyhelmet_blue": 4,
        "expansioncowboyhatgator": 3,
        "chemlight_yellow": 3,
        "mag_p1_8rnd": 5,
        "civiliansedan": 5,
        "beaniehat_black": 3,
        "mag_m9a1_15rnd": 5,
        "tt57mag": 5,
        "headtorch_grey": 4,
        "ushanka_green": 5,
        "motohelmet_lime": 4,
        "balaclava3holes_beige": 4,
        "hatchback_02": 5,
        "ammobox_308wintracer_20rnd": 4,
        "disinfectantalcohol": 4,
        "ttm9": 5,
        "ttmauser1914": 5,
        "darkmotohelmet_lime": 5,
        "ammo_expansion_m203_he": 4,
        "woolcoat_redcheck": 2,
        "combinationlock4": 5,
        "mag_cz75_15rnd": 5,
        "ammo_545x39": 4,
        "nvgoggles": 5,
        "m4_mpbttstck": 5,
        "mag_saiga_drum20rnd": 5,
        "longhorn": 5,
        "engraved1911": 5,
        "mag_m4a1_60rnd": 5,
        "mag_expansion_mp7_40rnd": 5,
        "officerhat": 5,
        "rdg2smokegrenade_white": 4,
        "woolcoat_bluecheck": 2,
        "ghillieatt_tan": 5,
        "greathelm": 5,
        "airbornemask": 5,
        "militaryboots_black": 5,
        "quiltedjacket_black": 2,
        "magnum": 5,
        "nbcglovesyellow": 6,
        "jumpsuitjacket_blue": 2,
        "expansionsafelarge": 6,
        "expansionuazcargoroofless": 5,
        "sheepsteakmeat": 3,
        "drybag_red": 3,
        "chestholster": 4,
        "gorkahelmet": 5,
        "expansionmich2001desert": 5,
        "beaniehat_pink": 3,
        "marlin": 4,
        "ammo_expansion_m203_smoke_teargas": 3,
        "firefightershelmet_white": 5,
        "mag_expansion_m14_10rnd": 5,
        "assaultbag_ttsko": 4,
        "m18smokegrenade_red": 4,
        "expansionlaw": 6,
        "colt1911": 5,
        "barrel_green": 5,
        "wellies_green": 4,
        "nbcbootsyellow": 6,
        "hikingbootslow_black": 3,
        "huntingknife": 4,
        "tracksuitjacket_lightblue": 2,
        "m65jacket_olive": 5,
        "anticheminjector": 5,
        "mag_famas_25rnd": 5,
        "paramedicjacket_green": 3,
        "mag_expansion_awm_5rnd": 5,
        "mag_aug_60rnd": 5,
        "alicebag_black": 5,
        "ballerinas_white": 2,
        "expansionuazroofless": 5,
        "raincoat_red": 4,
        "mag_ak101_30rnd": 5,
        "leathersewingkit": 4,
        "quiltedjacket_blue": 2,
        "avs36": 5,
        "expansionzodiacboat": 5,
        "booniehat_black": 4,
        "weldingmask": 4,
        "expansiongyrocopter": 6,
        "ballistichelmet_un": 5,
        "ammo_flare": 4,
        "huntingjacket_brown": 5,
        "dressshoes_beige": 2,
        "balaclavamask_white": 4,
        "ammobox_45acp_25rnd": 4,
        "mag_repeater_7rnd": 5,
        "beaniehat_green": 3,
        "deagle": 5,
        "mag_stanag_30rnd": 5,
        "alicebag_green": 5,
        "hockeyhelmet_black": 4,
        "raincoat_green": 4,
        "expansiongoldbar": 5,
        "expansionammorpg": 6,
        "tracksuitjacket_blue": 2,
        "assaultbag_green": 4,
        "ammo_expansion_m203_smoke_purple": 3,
        "expansionutilityboat": 4,
        "raincoat_blue": 4,
        "expansion_m9": 4,
        "expansion_ammo_8mm": 4,
        "omnogloves_brown": 5,
        "jmc_prototype_mag": 5,
        "expansionsatchel": 6,
        "crudemachete": 4,
        "expansionridersjacketbrown": 2,
        "ammobox_expansion_46x30_25rnd": 4,
        "balaclavamask_green": 4,
        "ammo_762x39tracer": 4,
        "deagle_gold": 5,
        "hikingboots_brown": 4,
        "booniehat_orange": 4,
        "brassknuckles_dull": 3,
        "mag_cmag_10rnd": 5,
        "ridersjacket_black": 2,
        "joggingshoes_blue": 2,
        "hikingjacket_green": 3,
        "ballistichelmet_black": 5,
        "steakknife": 2,
        "augshort": 5,
        "ttglock18c": 5,
        "athleticshoes_black": 2,
        "jungleboots_brown": 4,
        "ammobox_762x39tracer_20rnd": 4,
        "expansionuaz": 5,
        "ammo_45acp": 4,
        "militaryberet_red": 3,
        "broom_birch": 3,
        "woodencrate": 6,
        "famas": 5,
        "militaryberet_nz": 3,
        "skatehelmet_black": 4,
        "darkmotohelmet_black": 5,
        "balaclava3holes_black": 4,
        "stunbaton": 3,
        "alicebag_camo": 5,
        "truck_01_covered": 5,
        "ammobox_00buck_10rnd": 4,
        "nbchoodgray": 6,
        "canistergasoline": 5,
        "combatboots_black": 4,
        "zsh3pilothelmet_green": 5,
        "ammobox_expansion_338_15rnd": 4,
        "ak74_woodbttstck": 4,
        "chemlight_red": 3,
        "woolcoat_greycheck": 2,
        "motohelmet_white": 4,
        "medicalscrubshat_white": 2,
        "gorkaejacket_pautrev": 5,
        "fal_foldingbttstck": 3,
        "workingboots_grey": 3,
        "motohelmet_green": 4,
        "ammo_556x45tracer": 4,
        "quiltedjacket_yellow": 2,
        "bearsteakmeat": 3,
        "mag_mkii_10rnd": 3,
        "m65jacket_khaki": 5,
        "bdujacket": 5,
        "gorkahelmetvisor": 5,
        "mag_lar_20rnd": 5,
        "ammo_357": 4,
        "tacticalgloves_black": 4,
        "m18smokegrenade_yellow": 4,
        "zsh3pilothelmet": 5,
        "expansionuh1h": 6,
        "surgicalgloves_lightblue": 2,
        "ghilliehood_woodland": 6,
        "flaregun": 4,
        "prisonuniformjacket": 2,
        "tortillabag": 4,
        "firefighterjacket_black": 2,
        "expansionsafemini": 4,
        "bomberjacket_skyblue": 2,
        "mag_deagle_9rnd": 5,
        "ammo_9x19": 4,
        "ghilliesuit_tan": 6,
        "m4_suppressor": 5,
        "nioshfacemask": 3,
        "fnx45": 5,
        "medicalscrubshat_green": 2,
        "expansionammolaw": 6,
        "ammo_expansion_m203_sticky_smoke_green": 3,
        "motohelmet_blue": 4,
        "expansion_m16": 5,
        "expansionsafemedium": 5,
        "mag_tundra_5rnd": 5,
        "ttl35": 5,
        "fal_oebttstck": 3,
        "expansionlhd": 8,
        "ghilliebushrag_woodland": 6,
        "constructionhelmet_orange": 4,
        "expansion_ammo_arrowbolt": 2,
        "mag_svd_10rnd": 5,
        "ammo_expansion_m203_sticky_smoke_red": 3,
        "ttstg44": 5,
        "barbedbaseballbat": 3,
        "ak_railhndgrd": 5,
        "expansioncowboyhatsnake": 3,
        "beaniehat_beige": 3,
        "mag_ssg82_5rnd": 5,
        "workingboots_brown": 3,
        "drybag_green": 3,
        "ttp90mag": 5,
        "painkillertablets": 4,
        "usmcjacket_woodland": 5,
        "mag_vss_10rnd": 5,
        "mag_m249_100rnd": 5,
        "mag_m4a1_30rnd": 5,
        "ammo_expansion_m203_sticky_smoke_yellow": 3,
        "akm": 5,
        "rdg2smokegrenade_black": 4,
        "ghilliebushrag_tan": 6,
        "heatpack": 4,
        "mag_uzi_pro_25rnd": 5,
        "woolcoat_blue": 2,
        "expansiontractor": 4,
        "ttskojacket_camo": 5,
        "electronicrepairkit": 4,
        "expansion_g36": 5,
        "mag_expansion_mpx_50rnd": 5,
        "p1": 5,
        "boarsteakmeat": 3,
        "barrelholes_yellow": 5,
        "ammo_9x39": 4,
        "mag_cz550_10rnd": 5,
        "charcoaltablets": 3,
        "booniehat_dpm": 4,
        "balaclavamask_beige": 4,
        "gasmask": 5,
        "sneakers_black": 2,
        "childbag_blue": 2,
        "mp5k_stockbttstck": 3,
        "bloodbagempty": 5,
        "ballerinas_yellow": 2,
        "mag_mp5_30rnd": 5,
        "ghilliesuit_woodland": 6,
        "broom": 3,
        "coyotebag_brown": 4,
        "tt57tan": 5,
        "huntingjacket_spring": 5,
        "aks74u_bttstck": 4,
        "mag_expansion_g36_30rnd": 5,
        "cattleprod": 3,
        "omnogloves_gray": 5,
        "matchbox": 4,
        "m18smokegrenade_white": 4,
        "mag_b95_2rnd": 5,
        "ghillieatt_mossy": 5,
        "beaniehat_red": 3,
        "bomberjacket_black": 2,
        "portablegasstove": 4,
        "workinggloves_beige": 3,
        "constructionhelmet_red": 4,
        "deersteakmeat": 3,
        "ammobox_308win_20rnd": 4,
        "m4_rishndgrd": 5,
        "baseradio": 5,
        "flashlight": 4,
        "scout_chernarus": 3,
        "ghilliesuit_mossy": 6,
        "usmcjacket_desert": 5,
        "hikingjacket_red": 3,
        "combatboots_green": 4,
        "tacticalgloves_green": 4,
        "ghilliebushrag_mossy": 6,
        "jungleboots_olive": 4,
        "mag_aug_30rnd": 5,
        "petrollighter": 4,
        "mkii": 3,
        "ammo_expansion_338": 4,
        "sks": 3,
        "ttagram": 5,
        "ttl35mag": 5,
        "childbag_green": 2,
        "nbcjacketgray": 6,
        "ttp90_tan": 5,
        "mag_cz527_5rnd": 5,
        "ammo_9x39ap": 4,
        "chemlight_white": 3,
        "mag_cmag_20rnd": 5,
        "mag_vsd_10rnd": 5,
        "alarmclock_blue": 3,
        "raincoat_pink": 4,
        "tracksuitjacket_black": 2,
        "bomberjacket_brown": 2,
        "militaryboots_redpunk": 5,
        "ammobox_357_20rnd": 4,
        "pp19_bttstck": 5,
        "booniehat_tan": 4,
        "seachest": 6,
        "dirtbikehelmet_blue": 4,
        "constructionhelmet_lime": 4,
        "expansiontoolbox": 4,
        "mag_pp19_64rnd": 5,
        "motohelmet_grey": 4,
        "tacticalgloves_beige": 4,
        "mag_winchester70_5rnd": 5,
        "bomberjacket_maroon": 2,
        "m79": 6,
        "quiltedjacket_green": 2,
        "gp5gasmask": 5,
        "mag_clip762x39_10rnd": 5,
        "xmaslights": 4,
        "darkmotohelmet_grey": 5,
        "ammobox_380_35rnd": 4,
        "sneakers_red": 2,
        "huntingjacket_summer": 5,
        "cz75": 5,
        "jumpsuitjacket_green": 2,
        "mag_uk59_50rnd": 5,
        "workingboots_beige": 3,
        "mag_akm_drum75rnd": 5,
        "m4_plastichndgrd": 4,
        "expansionsupplysignal": 8,
        "zsh3pilothelmet_black": 5,
        "hikingboots_black": 4,
        "jungleboots_green": 4,
        "ttr700mag": 5,
        "balaclava3holes_green": 4,
        "constructionhelmet_white": 4,
        "mag_ak74_45rnd": 5,
        "gorkaejacket_autumn": 5,
        "firefightershelmet_red": 5,
        "glock19": 5,
        "workinggloves_yellow": 3,
        "expansioncodelock": 5,
        "ammobox_12garubberslug_10rnd": 4,
        "rangefinder": 5,
        "chickenbreastmeat": 3,
        "mag_fal_20rnd": 5,
        "bloodtestkit": 4,
        "wellies_grey": 4,
        "combinationlock": 4,
        "mag_glock_15rnd": 5,
        "ssh68helmet": 5,
        "dirtbikehelmet_mouthguard": 4,
        "militaryberet_cdf": 3,
        "ghillietop_mossy": 6,
        "mag_sg5k_15rnd": 5,
        "motohelmet_red": 4,
        "mountainbag_green": 5,
        "ammobox_762x54_20rnd": 4,
        "sewingkit": 4,
        "huntingjacket_winter": 5,
        "ttskoboots": 5,
        "ttsok94": 5,
        "bomberjacket_grey": 2,
        "ammo_762x39": 4,
        "brassknuckles_shiny": 3,
        "mag_scout_5rnd": 5,
        "smallprotectorcase": 4,
        "cowboyhat_brown": 3,
        "mag_m249_200rnd": 5,
        "policejacket": 3,
        "expansionbus": 6,
        "coyotebag_green": 4,
        "m18smokegrenade_purple": 4,
        "universallight": 4,
        "ttr700": 5,
        "m4a1": 5,
        "cleaver": 4,
        "mag_762x54snaploader_2rnd": 5,
        "combatboots_beige": 4,
        "ttgarand": 5,
        "jungleboots_beige": 4,
        "ammobox_762x54tracer_20rnd": 4,
        "pipe": 3,
        "mag_1911_7rnd": 5,
        "ammo_expansion_m203_sticky_smoke_white": 3,
        "expansionvodnik": 6,
        "ushanka_blue": 5,
        "ammobox_22_50rnd": 4,
        "ak_woodhndgrd": 5,
        "combatknife": 5,
        "expansionridersjacketdarkblue": 2,
        "sedan_02": 5,
        "mag_ump_25rnd": 5,
        "booniehat_dubok": 4,
        "booniehat_olive": 4,
        "nbcjacketyellow": 6,
        "mag_expansion_kedr_20rnd": 5,
        "ammo_expansion_m203_smoke_red": 3,
        "derringer_black": 5,
        "cowsteakmeat": 3,
        "fal": 5,
        "jmc_snowowl_mag": 5,
        "mag_sg5k_30rnd": 5,
        "mountainbag_blue": 5,
        "ttp90": 5,
        "ttrpd": 5,
        "surgicalgloves_green": 2,
        "baseballbat": 3,
        "woolcoat_black": 2,
        "rabbitlegmeat": 3,
        "tankerhelmet": 5,
        "vitaminbottle": 4,
        "m4_oebttstck": 5,
        "balaclava3holes_blue": 4,
        "iodinetincture": 5,
        "mag_cz550_4rnd": 5,
        "batterycharger": 4,
        "hikingbootslow_grey": 3,
        "ballistichelmet_green": 5,
        "disinfectantspray": 4,
        "constructionhelmet_yellow": 4,
        "mag_308winsnaploader_2rnd": 5,
        "dressshoes_black": 2,
        "mag_ij70_8rnd": 5,
        "ammo_expansion_m203_sticky_smoke_teargas": 3,
        "raincoat_orange": 4,
        "ammo_22": 4,
        "tetracyclineantibiotics": 4,
        "workinggloves_black": 3,
        "darkmotohelmet_white": 5,
        "mag_akm_palm30rnd": 5,
        "scout": 3,
        "beaniehat_grey": 3,
        "pistolsuppressor": 4,
        "expansionuazcargo": 5,
        "ttak458_gold": 5,
        "mag_cmag_30rnd": 5,
        "ghillietop_woodland": 6,
        "nailedbaseballbat": 3,
        "skatehelmet_green": 4,
        "darkmotohelmet_green": 5,
        "ttak458poli": 5,
        "taloonbag_blue": 3,
        "ushanka_black": 5,
        "hikingbootslow_beige": 3,
        "ttmakarov": 5,
        "ammobox_545x39_20rnd": 4,
        "ots71": 5,
        "workingboots_yellow": 3,
        "bandagedressing": 3,
        "militaryboots_beige": 5,
        "morphine": 5,
        "higgins": 4,
        "surgicalgloves_white": 2,
        "rgd5grenade": 5,
        "sneakers_gray": 2,
        "chemlight_green": 3,
        "engineoil": 5,
        "saiga_bttstck": 4,
        "skatehelmet_gray": 4,
        "headtorch_black": 4,
        "dirtbikehelmet_green": 4,
        "ak74_hndgrd": 4,
        "ak101": 5,
        "joggingshoes_red": 2,
        "m67grenade": 5,
        "ttp38": 5,
        "ttbar": 5,
        "gorkahelmet_black": 5,
        "mp5_compensator": 4,
        "mag_val_20rnd": 5,
        "pigsteakmeat": 3,
        "mich2001helmet": 5,
        "portablegaslamp": 4,
        "ammobox_12gaslug_10rnd": 4,
        "darkmotohelmet_blue": 5,
        "woolcoat_red": 2,
        "taloonbag_orange": 3,
        "m65jacket_black": 5,
        "booniehat_red": 4,
        "expansionmerlin": 6,
        "ttscarl": 5,
        "workingboots_green": 3,
        "ammo_12garubberslug": 4,
        "nylonknifesheath": 4,
        "nbchoodyellow": 6,
        "booniehat_navyblue": 4,
        "hikingjacket_blue": 3,
        "startkitiv": 3
    }
}