{
    "m_Version": 12,
    "MarketSystemEnabled": 1,
    "NetworkCategories": [],
    "CurrencyIcon": "DayZExpansion/Core/GUI/icons/misc/coinstack2_64x64.edds",
    "ATMSystemEnabled": 1,
    "MaxDepositMoney": 2000000,
    "DefaultDepositMoney": 10000,
    "ATMPlayerTransferEnabled": 1,
    "ATMPartyLockerEnabled": 1,
    "MaxPartyDepositMoney": 4000000,
    "UseWholeMapForATMPlayerList": 0,
    "SellPricePercent": 75.0,
    "NetworkBatchSize": 100,
    "MaxVehicleDistanceToTrader": 120.0,
    "MaxLargeVehicleDistanceToTrader": 744.0,
    "LargeVehicles": [
        "expansionlhd"
    ],
    "LandSpawnPositions": [
        {
            "Position": [
                7559.16015625,
                87.68250274658203,
                4582.22998046875
            ],
            "Orientation": [
                144.3000030517578,
                0.0,
                0.0
            ]
        },
        {
            "Position": [
                5084.0,
                59.338199615478519,
                7989.4599609375
            ],
            "Orientation": [
                -126.5999984741211,
                0.0,
                0.0
            ]
        }
    ],
    "AirSpawnPositions": [
        {
            "Position": [
                5042.77978515625,
                57.986698150634769,
                7971.68017578125
            ],
            "Orientation": [
                -155.6999969482422,
                0.0,
                0.0
            ]
        }
    ],
    "WaterSpawnPositions": [
        {
            "Position": [
                10506.0,
                0.10000000149011612,
                5724.8798828125
            ],
            "Orientation": [
                21.899999618530275,
                0.0,
                0.0
            ]
        }
    ],
    "MarketMenuColors": {
        "BaseColorVignette": "000000C8",
        "BaseColorHeaders": "13171BFF",
        "BaseColorLabels": "27272DFF",
        "BaseColorText": "FBFCFEFF",
        "BaseColorCheckboxes": "FBFCFEFF",
        "BaseColorInfoSectionBackground": "2225268C",
        "BaseColorTooltipsHeaders": "000000F0",
        "BaseColorTooltipsBackground": "000000DC",
        "ColorDecreaseQuantityButton": "DD262614",
        "ColorDecreaseQuantityIcon": "DD262628",
        "ColorSetQuantityButton": "C7265114",
        "ColorIncreaseQuantityButton": "A0CC7114",
        "ColorIncreaseQuantityIcon": "A0CC7128",
        "ColorSellPanel": "27272DFF",
        "ColorSellButton": "DD262628",
        "ColorBuyPanel": "27272DFF",
        "ColorBuyButton": "A0CC7128",
        "ColorMarketIcon": "E241428C",
        "ColorFilterOptionsButton": "C726518C",
        "ColorFilterOptionsIcon": "C726518C",
        "ColorSearchFilterButton": "C726518C",
        "ColorCategoryButton": "C726518C",
        "ColorCategoryCollapseIcon": "C726518C",
        "ColorCurrencyDenominationText": "FFB418FF",
        "ColorItemButton": "C726518C",
        "ColorItemInfoIcon": "FFB418FF",
        "ColorItemInfoTitle": "FFB418FF",
        "ColorItemInfoHasContainerItems": "FFB418FF",
        "ColorItemInfoHasAttachments": "FFB418FF",
        "ColorItemInfoHasBullets": "FFB418FF",
        "ColorItemInfoIsAttachment": "FFB418FF",
        "ColorItemInfoIsEquipped": "FFB418FF",
        "ColorItemInfoAttachments": "FFB418FF",
        "ColorToggleCategoriesText": "C726518C",
        "ColorCategoryCorners": "FBFCFEFF",
        "ColorCategoryBackground": "222526FF"
    },
    "Currencies": [
        "expansionbanknotehryvnia"
    ],
    "VehicleKeys": [],
    "MaxSZVehicleParkingTime": 1800.0,
    "SZVehicleParkingTicketFine": 0
}