{
    "Version": 1,
    "Group": [
        {
            "UID": "76562158225858681",
            "Player_Birthday": 0
        },
        {
            "UID": "76562158225858682",
            "Player_Birthday": 0
        },
        {
            "UID": "76562158225858683",
            "Player_Birthday": 0
        },
        {
            "UID": "76561198019858686",
            "Player_Birthday": 0
        },
        {
            "UID": "76561198081075225",
            "Player_Birthday": 1698423556
        }
    ]
}