{
    "m_Version": 12,
    "DisplayName": "#STR_EXPANSION_MARKET_CATEGORY_ASSAULT_RIFLES",
    "Icon": "Deliver",
    "Color": "FBFCFEFF",
    "IsExchange": 0,
    "InitStockPercent": 75.0,
    "Items": [
        {
            "ClassName": "fal",
            "MaxPriceThreshold": 2000,
            "MinPriceThreshold": 1700,
            "SellPricePercent": -1.0,
            "MaxStockThreshold": 1,
            "MinStockThreshold": 1,
            "QuantityPercent": -1,
            "SpawnAttachments": [
                "fal_oebttstck",
                "mag_fal_20rnd"
            ],
            "Variants": []
        },
        {
            "ClassName": "akm",
            "MaxPriceThreshold": 3000,
            "MinPriceThreshold": 1500,
            "SellPricePercent": -1.0,
            "MaxStockThreshold": 1,
            "MinStockThreshold": 1,
            "QuantityPercent": -1,
            "SpawnAttachments": [
                "ak_woodbttstck",
                "ak_woodhndgrd",
                "mag_akm_30rnd"
            ],
            "Variants": []
        },
        {
            "ClassName": "ak101",
            "MaxPriceThreshold": 3000,
            "MinPriceThreshold": 1500,
            "SellPricePercent": -1.0,
            "MaxStockThreshold": 1,
            "MinStockThreshold": 1,
            "QuantityPercent": -1,
            "SpawnAttachments": [
                "ak_plasticbttstck",
                "ak_plastichndgrd",
                "mag_ak101_30rnd"
            ],
            "Variants": []
        },
        {
            "ClassName": "ak74",
            "MaxPriceThreshold": 3200,
            "MinPriceThreshold": 1600,
            "SellPricePercent": -1.0,
            "MaxStockThreshold": 1,
            "MinStockThreshold": 1,
            "QuantityPercent": -1,
            "SpawnAttachments": [
                "ak74_woodbttstck",
                "ak74_hndgrd",
                "mag_ak74_30rnd"
            ],
            "Variants": []
        },
        {
            "ClassName": "m4a1",
            "MaxPriceThreshold": 3000,
            "MinPriceThreshold": 1600,
            "SellPricePercent": -1.0,
            "MaxStockThreshold": 1,
            "MinStockThreshold": 1,
            "QuantityPercent": -1,
            "SpawnAttachments": [
                "m4_carryhandleoptic",
                "mag_stanag_30rnd",
                "m4_oebttstck",
                "m4_plastichndgrd"
            ],
            "Variants": []
        },
        {
            "ClassName": "m16a2",
            "MaxPriceThreshold": 3200,
            "MinPriceThreshold": 1500,
            "SellPricePercent": -1.0,
            "MaxStockThreshold": 1,
            "MinStockThreshold": 1,
            "QuantityPercent": -1,
            "SpawnAttachments": [
                "mag_stanag_30rnd"
            ],
            "Variants": []
        },
        {
            "ClassName": "famas",
            "MaxPriceThreshold": 3200,
            "MinPriceThreshold": 1500,
            "SellPricePercent": -1.0,
            "MaxStockThreshold": 1,
            "MinStockThreshold": 1,
            "QuantityPercent": -1,
            "SpawnAttachments": [
                "mag_famas_25rnd"
            ],
            "Variants": []
        },
        {
            "ClassName": "aug",
            "MaxPriceThreshold": 3200,
            "MinPriceThreshold": 1600,
            "SellPricePercent": -1.0,
            "MaxStockThreshold": 1,
            "MinStockThreshold": 1,
            "QuantityPercent": -1,
            "SpawnAttachments": [
                "mag_aug_30rnd"
            ],
            "Variants": []
        },
        {
            "ClassName": "augshort",
            "MaxPriceThreshold": 3200,
            "MinPriceThreshold": 1500,
            "SellPricePercent": -1.0,
            "MaxStockThreshold": 1,
            "MinStockThreshold": 1,
            "QuantityPercent": -1,
            "SpawnAttachments": [
                "mag_aug_30rnd"
            ],
            "Variants": []
        },
        {
            "ClassName": "expansion_m16",
            "MaxPriceThreshold": 2560,
            "MinPriceThreshold": 1860,
            "SellPricePercent": -1.0,
            "MaxStockThreshold": 1,
            "MinStockThreshold": 1,
            "QuantityPercent": -1,
            "SpawnAttachments": [
                "mag_stanag_30rnd"
            ],
            "Variants": []
        },
        {
            "ClassName": "expansion_g36",
            "MaxPriceThreshold": 560,
            "MinPriceThreshold": 160,
            "SellPricePercent": -1.0,
            "MaxStockThreshold": 1,
            "MinStockThreshold": 1,
            "QuantityPercent": -1,
            "SpawnAttachments": [
                "mag_expansion_g36_30rnd"
            ],
            "Variants": [
				"ESP_G36C"
			]
        },
		{
            "ClassName": "SKS",
            "MaxPriceThreshold": 950,
            "MinPriceThreshold": 650,
            "SellPricePercent": -1.0,
            "MaxStockThreshold": 1,
            "MinStockThreshold": 1,
            "QuantityPercent": -1,
            "SpawnAttachments": [
                "SKS_Bayonet"
            ],
            "Variants": []
        },
		{
            "ClassName": "ttak458",
            "MaxPriceThreshold": 2500,
            "MinPriceThreshold": 1900,
            "SellPricePercent": -1.0,
            "MaxStockThreshold": 1,
            "MinStockThreshold": 1,
            "QuantityPercent": -1,
            "SpawnAttachments": [],
            "Variants": [
				"ttak458_Gold",
				"ttak458poli"
			]
        },
		{
            "ClassName": "ttbar",
            "MaxPriceThreshold": 2200,
            "MinPriceThreshold": 1850,
            "SellPricePercent": -1.0,
            "MaxStockThreshold": 1,
            "MinStockThreshold": 1,
            "QuantityPercent": -1,
            "SpawnAttachments": [],
            "Variants": []
        },
		{
            "ClassName": "ttrpd",
            "MaxPriceThreshold": 2100,
            "MinPriceThreshold": 1850,
            "SellPricePercent": -1.0,
            "MaxStockThreshold": 1,
            "MinStockThreshold": 1,
            "QuantityPercent": -1,
            "SpawnAttachments": [],
            "Variants": []
        },
		{
            "ClassName": "ttscarl",
            "MaxPriceThreshold": 3000,
            "MinPriceThreshold": 2400,
            "SellPricePercent": -1.0,
            "MaxStockThreshold": 1,
            "MinStockThreshold": 1,
            "QuantityPercent": -1,
            "SpawnAttachments": [],
            "Variants": [
				"ttscarl_Tan"
			]
        },
		{
            "ClassName": "ttsok94",
            "MaxPriceThreshold": 3100,
            "MinPriceThreshold": 2950,
            "SellPricePercent": -1.0,
            "MaxStockThreshold": 1,
            "MinStockThreshold": 1,
            "QuantityPercent": -1,
            "SpawnAttachments": [],
            "Variants": []
        },
        {
            "ClassName": "ttstg44",
            "MaxPriceThreshold": 1900,
            "MinPriceThreshold": 1700,
            "SellPricePercent": -1.0,
            "MaxStockThreshold": 1,
            "MinStockThreshold": 1,
            "QuantityPercent": -1,
            "SpawnAttachments": [],
            "Variants": []
        },
		{
            "ClassName": "aek",
            "MaxPriceThreshold": 3200,
            "MinPriceThreshold": 1625,
            "SellPricePercent": -1.0,
            "MaxStockThreshold": 1,
            "MinStockThreshold": 1,
            "QuantityPercent": -1,
            "SpawnAttachments": [],
            "Variants": []
        }
    ]
}