{
    "m_Version": 12,
    "DisplayName": "#STR_EXPANSION_MARKET_CATEGORY_CAPS",
    "Icon": "Deliver",
    "Color": "FBFCFEFF",
    "IsExchange": 0,
    "InitStockPercent": 75.0,
    "Items": [
        {
            "ClassName": "baseballcap_cmmg_pink",
            "MaxPriceThreshold": 24,
            "MinPriceThreshold": 12,
            "SellPricePercent": -1.0,
            "MaxStockThreshold": 1,
            "MinStockThreshold": 1,
            "QuantityPercent": -1,
            "SpawnAttachments": [],
            "Variants": [
                "baseballcap_pink",
                "baseballcap_blue",
                "baseballcap_beige",
                "baseballcap_red",
                "baseballcap_cmmg_black",
                "baseballcap_black",
                "baseballcap_olive",
                "baseballcap_camo"
            ]
        },
        {
            "ClassName": "baseballcap_black",
            "MaxPriceThreshold": 26,
            "MinPriceThreshold": 13,
            "SellPricePercent": -1.0,
            "MaxStockThreshold": 1,
            "MinStockThreshold": 1,
            "QuantityPercent": -1,
            "SpawnAttachments": [],
            "Variants": []
        },
        {
            "ClassName": "baseballcap_olive",
            "MaxPriceThreshold": 28,
            "MinPriceThreshold": 14,
            "SellPricePercent": -1.0,
            "MaxStockThreshold": 1,
            "MinStockThreshold": 1,
            "QuantityPercent": -1,
            "SpawnAttachments": [],
            "Variants": []
        },
        {
            "ClassName": "baseballcap_camo",
            "MaxPriceThreshold": 32,
            "MinPriceThreshold": 16,
            "SellPricePercent": -1.0,
            "MaxStockThreshold": 1,
            "MinStockThreshold": 1,
            "QuantityPercent": -1,
            "SpawnAttachments": [],
            "Variants": []
        },
        {
            "ClassName": "prisonercap",
            "MaxPriceThreshold": 32,
            "MinPriceThreshold": 16,
            "SellPricePercent": -1.0,
            "MaxStockThreshold": 1,
            "MinStockThreshold": 1,
            "QuantityPercent": -1,
            "SpawnAttachments": [],
            "Variants": []
        },
        {
            "ClassName": "pilotkacap",
            "MaxPriceThreshold": 50,
            "MinPriceThreshold": 25,
            "SellPricePercent": -1.0,
            "MaxStockThreshold": 1,
            "MinStockThreshold": 1,
            "QuantityPercent": -1,
            "SpawnAttachments": [],
            "Variants": []
        },
        {
            "ClassName": "policecap",
            "MaxPriceThreshold": 50,
            "MinPriceThreshold": 25,
            "SellPricePercent": -1.0,
            "MaxStockThreshold": 1,
            "MinStockThreshold": 1,
            "QuantityPercent": -1,
            "SpawnAttachments": [],
            "Variants": []
        },
        {
            "ClassName": "flatcap_blue",
            "MaxPriceThreshold": 64,
            "MinPriceThreshold": 32,
            "SellPricePercent": -1.0,
            "MaxStockThreshold": 1,
            "MinStockThreshold": 1,
            "QuantityPercent": -1,
            "SpawnAttachments": [],
            "Variants": [
                "flatcap_red",
                "flatcap_brown",
                "flatcap_grey",
                "flatcap_browncheck",
                "flatcap_greycheck",
                "flatcap_black",
                "flatcap_blackcheck"
            ]
        },
        {
            "ClassName": "zmijovkacap_blue",
            "MaxPriceThreshold": 72,
            "MinPriceThreshold": 36,
            "SellPricePercent": -1.0,
            "MaxStockThreshold": 1,
            "MinStockThreshold": 1,
            "QuantityPercent": -1,
            "SpawnAttachments": [],
            "Variants": [
                "zmijovkacap_brown",
                "zmijovkacap_red",
                "zmijovkacap_black",
                "zmijovkacap_green"
            ]
        },
        {
            "ClassName": "zmijovkacap_black",
            "MaxPriceThreshold": 74,
            "MinPriceThreshold": 37,
            "SellPricePercent": -1.0,
            "MaxStockThreshold": 1,
            "MinStockThreshold": 1,
            "QuantityPercent": -1,
            "SpawnAttachments": [],
            "Variants": []
        },
        {
            "ClassName": "zmijovkacap_green",
            "MaxPriceThreshold": 76,
            "MinPriceThreshold": 38,
            "SellPricePercent": -1.0,
            "MaxStockThreshold": 1,
            "MinStockThreshold": 1,
            "QuantityPercent": -1,
            "SpawnAttachments": [],
            "Variants": []
        },
        {
            "ClassName": "radarcap_blue",
            "MaxPriceThreshold": 80,
            "MinPriceThreshold": 40,
            "SellPricePercent": -1.0,
            "MaxStockThreshold": 1,
            "MinStockThreshold": 1,
            "QuantityPercent": -1,
            "SpawnAttachments": [],
            "Variants": [
                "radarcap_brown",
                "radarcap_red",
                "radarcap_black",
                "radarcap_green"
            ]
        },
        {
            "ClassName": "radarcap_black",
            "MaxPriceThreshold": 84,
            "MinPriceThreshold": 42,
            "SellPricePercent": -1.0,
            "MaxStockThreshold": 1,
            "MinStockThreshold": 1,
            "QuantityPercent": -1,
            "SpawnAttachments": [],
            "Variants": []
        },
        {
            "ClassName": "radarcap_green",
            "MaxPriceThreshold": 90,
            "MinPriceThreshold": 45,
            "SellPricePercent": -1.0,
            "MaxStockThreshold": 1,
            "MinStockThreshold": 1,
            "QuantityPercent": -1,
            "SpawnAttachments": [],
            "Variants": []
        }
    ]
}