{
    "m_Version": 12,
    "DisplayName": "#STR_EXPANSION_MARKET_CATEGORY_HELICOPTER",
    "Icon": "Deliver",
    "Color": "FBFCFEFF",
    "IsExchange": 0,
    "InitStockPercent": 75.0,
    "Items": [
        {
            "ClassName": "expansiongyrocopter",
            "MaxPriceThreshold": 100000,
            "MinPriceThreshold": 50000,
            "SellPricePercent": -1.0,
            "MaxStockThreshold": 1,
            "MinStockThreshold": 1,
            "QuantityPercent": -1,
            "SpawnAttachments": [
                "expansionhelicopterbattery",
                "sparkplug"
            ],
            "Variants": []
        },
        {
            "ClassName": "expansionbiggyrocopter",
            "MaxPriceThreshold": 150000,
            "MinPriceThreshold": 85000,
            "SellPricePercent": -1.0,
            "MaxStockThreshold": 1,
            "MinStockThreshold": 1,
            "QuantityPercent": -1,
            "SpawnAttachments": [
                "expansionhelicopterbattery",
                "sparkplug"
            ],
            "Variants": []
        },
        {
            "ClassName": "expansionmh6",
            "MaxPriceThreshold": 300000,
            "MinPriceThreshold": 180000,
            "SellPricePercent": -1.0,
            "MaxStockThreshold": 1,
            "MinStockThreshold": 1,
            "QuantityPercent": -1,
            "SpawnAttachments": [
                "expansionhelicopterbattery",
                "expansionigniterplug",
                "expansionhydraulichoses",
                "headlighth7",
                "expansion_mh6_door_1_1",
                "expansion_mh6_door_1_2",
                "expansion_mh6_door_2_1",
                "expansion_mh6_door_2_2"
            ],
            "Variants": []
        },
        {
            "ClassName": "expansionuh1h",
            "MaxPriceThreshold": 500000,
            "MinPriceThreshold": 300000,
            "SellPricePercent": -1.0,
            "MaxStockThreshold": 1,
            "MinStockThreshold": 1,
            "QuantityPercent": -1,
            "SpawnAttachments": [
                "expansionhelicopterbattery",
                "expansionigniterplug",
                "expansionhydraulichoses",
                "headlighth7",
                "expansionuh1hdoor_1_1",
                "expansionuh1hdoor_1_2",
                "expansionuh1hdoor_2_1",
                "expansionuh1hdoor_2_2"
            ],
            "Variants": []
        },
        {
            "ClassName": "expansionmerlin",
            "MaxPriceThreshold": 2000000,
            "MinPriceThreshold": 1000000,
            "SellPricePercent": -1.0,
            "MaxStockThreshold": 1,
            "MinStockThreshold": 1,
            "QuantityPercent": -1,
            "SpawnAttachments": [
                "expansionhelicopterbattery",
                "expansionigniterplug",
                "expansionhydraulichoses",
                "headlighth7",
                "expansionmerlinfrontwheel",
                "expansionmerlinfrontwheel",
                "expansionmerlinbackwheel",
                "expansionmerlinbackwheel"
            ],
            "Variants": []
        }
    ]
}