{
    "m_Version": 12,
    "DisplayName": "MMG Gloves",
    "Icon": "Deliver",
    "Color": "FBFCFEFF",
    "IsExchange": 0,
    "InitStockPercent": 75.0,
    "Items": [
        {
            "ClassName": "mmg_tactical_gloves_black",
            "MaxPriceThreshold": 130,
            "MinPriceThreshold": 130,
            "SellPricePercent": -1.0,
            "MaxStockThreshold": 1,
            "MinStockThreshold": 1,
            "QuantityPercent": -1,
            "SpawnAttachments": [],
            "Variants": [
                "mmg_tactical_gloves_green",
                "mmg_tactical_gloves_tan",
                "mmg_tactical_gloves_multicam",
                "mmg_tactical_gloves_multicamblack",
                "mmg_tactical_gloves_erdl",
                "mmg_tactical_gloves_alpine",
                "mmg_tactical_gloves_dark_woodland",
                "mmg_tactical_gloves_ucp",
                "mmg_tactical_gloves_multicam_tropic"
            ]
        }
    ]
}