{
    "m_Version": 12,
    "DisplayName": "MMG Belts",
    "Icon": "Deliver",
    "Color": "FBFCFEFF",
    "IsExchange": 0,
    "InitStockPercent": 75.0,
    "Items": [
        {
            "ClassName": "MMG_falcon_b1_belt_black",
            "MaxPriceThreshold": 300,
            "MinPriceThreshold": 300,
            "SellPricePercent": -1.0,
            "MaxStockThreshold": 1,
            "MinStockThreshold": 1,
            "QuantityPercent": -1,
            "SpawnAttachments": [],
            "Variants": [
                "MMG_falcon_b1_belt_olive",
                "MMG_falcon_b1_belt_tan",
                "MMG_falcon_b1_belt_alpine",
                "MMG_falcon_b1_belt_erdl",
                "MMG_falcon_b1_belt_multicamblack",
                "MMG_falcon_b1_belt_multicam",
                "MMG_falcon_b1_belt_dark_woodland",
                "MMG_falcon_b1_belt_ucp",
                "MMG_falcon_b1_belt_multicam_tropic"
            ]
        }
    ]
}