{
    "m_Version": 12,
    "DisplayName": "MMG Headphones",
    "Icon": "Deliver",
    "Color": "FBFCFEFF",
    "IsExchange": 0,
    "InitStockPercent": 75.0,
    "Items": [
        {
            "ClassName": "MMG_headphones_black",
            "MaxPriceThreshold": 20,
            "MinPriceThreshold": 20,
            "SellPricePercent": -1.0,
            "MaxStockThreshold": 1,
            "MinStockThreshold": 1,
            "QuantityPercent": -1,
            "SpawnAttachments": [],
            "Variants": [
                "MMG_headphones_green",
                "MMG_headphones_tan",
                "MMG_headphones_ucp"
            ]
        },
        {
            "ClassName": "MMG_ballistic_earcover_black",
            "MaxPriceThreshold": 300,
            "MinPriceThreshold": 300,
            "SellPricePercent": -1.0,
            "MaxStockThreshold": 1,
            "MinStockThreshold": 1,
            "QuantityPercent": -1,
            "SpawnAttachments": [],
            "Variants": [
                "MMG_ballistic_earcover_green",
                "MMG_ballistic_earcover_tan",
                "MMG_ballistic_earcover_alpine",
                "MMG_ballistic_earcover_erdl",
                "MMG_ballistic_earcover_multicamblack"
            ]
        }
    ]
}