{
    "m_Version": 12,
    "DisplayName": "MMG Boots",
    "Icon": "Deliver",
    "Color": "FBFCFEFF",
    "IsExchange": 0,
    "InitStockPercent": 75.0,
    "Items": [
        {
            "ClassName": "MMG_boots_black",
            "MaxPriceThreshold": 300,
            "MinPriceThreshold": 300,
            "SellPricePercent": -1.0,
            "MaxStockThreshold": 1,
            "MinStockThreshold": 1,
            "QuantityPercent": -1,
            "SpawnAttachments": [],
            "Variants": [
                "MMG_boots_green",
                "MMG_boots_tan",
                "MMG_boots_multicam",
                "MMG_boots_multicamblack",
                "MMG_boots_erdl",
                "MMG_boots_alpine",
                "MMG_boots_dark_woodland",
                "MMG_boots_ucp",
                "MMG_boots_multicam_tropic"
            ]
        }
    ]
}