{
    "m_Version": 12,
    "DisplayName": "MMG Chest Rigs",
    "Icon": "Deliver",
    "Color": "FBFCFEFF",
    "IsExchange": 0,
    "InitStockPercent": 75.0,
    "Items": [
        {
            "ClassName": "mmg_chestrig_green",
            "MaxPriceThreshold": 750,
            "MinPriceThreshold": 750,
            "SellPricePercent": -1.0,
            "MaxStockThreshold": 1,
            "MinStockThreshold": 1,
            "QuantityPercent": -1,
            "SpawnAttachments": [],
            "Variants": [
                "mmg_chestrig_black",
                "mmg_chestrig_tan",
                "mmg_chestrig_erdl",
                "mmg_chestrig_multicam",
                "mmg_chestrig_multicamblack",
                "mmg_chestrig_alpine",
                "mmg_chestrig_dark_woodland",
                "mmg_chestrig_ucp",
                "mmg_chestrig_multicam_tropic"
            ]
        }
    ]
}