{
    "m_Version": 12,
    "DisplayName": "#STR_EXPANSION_MARKET_CATEGORY_RIFLES",
    "Icon": "Deliver",
    "Color": "FBFCFEFF",
    "IsExchange": 0,
    "InitStockPercent": 75.0,
    "Items": [
        {
            "ClassName": "izh18",
            "MaxPriceThreshold": 1700,
            "MinPriceThreshold": 1350,
            "SellPricePercent": -1.0,
            "MaxStockThreshold": 1,
            "MinStockThreshold": 1,
            "QuantityPercent": -1,
            "SpawnAttachments": [],
            "Variants": []
        },
        {
            "ClassName": "ruger1022",
            "MaxPriceThreshold": 1700,
            "MinPriceThreshold": 1350,
            "SellPricePercent": -1.0,
            "MaxStockThreshold": 1,
            "MinStockThreshold": 1,
            "QuantityPercent": -1,
            "SpawnAttachments": [
                "mag_ruger1022_15rnd"
            ],
            "Variants": []
        },
        {
            "ClassName": "repeater",
            "MaxPriceThreshold": 1700,
            "MinPriceThreshold": 1350,
            "SellPricePercent": -1.0,
            "MaxStockThreshold": 1,
            "MinStockThreshold": 1,
            "QuantityPercent": -1,
            "SpawnAttachments": [],
            "Variants": []
        },
        {
            "ClassName": "mosin9130",
            "MaxPriceThreshold": 1800,
            "MinPriceThreshold": 1400,
            "SellPricePercent": -1.0,
            "MaxStockThreshold": 1,
            "MinStockThreshold": 1,
            "QuantityPercent": -1,
            "SpawnAttachments": [],
            "Variants": []
        },
        {
            "ClassName": "cz527",
            "MaxPriceThreshold": 1900,
            "MinPriceThreshold": 1500,
            "SellPricePercent": -1.0,
            "MaxStockThreshold": 1,
            "MinStockThreshold": 1,
            "QuantityPercent": -1,
            "SpawnAttachments": [
                "mag_cz527_5rnd"
            ],
            "Variants": []
        },
        {
            "ClassName": "cz550",
            "MaxPriceThreshold": 19000,
            "MinPriceThreshold": 1500,
            "SellPricePercent": -1.0,
            "MaxStockThreshold": 1,
            "MinStockThreshold": 1,
            "QuantityPercent": -1,
            "SpawnAttachments": [
                "mag_cz550_4rnd"
            ],
            "Variants": []
        },
        {
            "ClassName": "winchester70",
            "MaxPriceThreshold": 2500,
            "MinPriceThreshold": 1500,
            "SellPricePercent": -1.0,
            "MaxStockThreshold": 1,
            "MinStockThreshold": 1,
            "QuantityPercent": -1,
            "SpawnAttachments": [],
            "Variants": []
        },
        {
            "ClassName": "ssg82",
            "MaxPriceThreshold": 2200,
            "MinPriceThreshold": 1450,
            "SellPricePercent": -1.0,
            "MaxStockThreshold": 1,
            "MinStockThreshold": 1,
            "QuantityPercent": -1,
            "SpawnAttachments": [
                "mag_ssg82_5rnd"
            ],
            "Variants": []
        },
        {
            "ClassName": "expansion_kar98",
            "MaxPriceThreshold": 1900,
            "MinPriceThreshold": 800,
            "SellPricePercent": -1.0,
            "MaxStockThreshold": 1,
            "MinStockThreshold": 1,
            "QuantityPercent": -1,
            "SpawnAttachments": [],
            "Variants": []
        },
        {
            "ClassName": "expansion_m14",
            "MaxPriceThreshold": 2995,
            "MinPriceThreshold": 1500,
            "SellPricePercent": -1.0,
            "MaxStockThreshold": 1,
            "MinStockThreshold": 1,
            "QuantityPercent": -1,
            "SpawnAttachments": [
                "mag_expansion_m14_10rnd"
            ],
            "Variants": [
				"ESP_M14_Black"
			]
        },
        {
            "ClassName": "expansion_m1a",
            "MaxPriceThreshold": 2200,
            "MinPriceThreshold": 1500,
            "SellPricePercent": -1.0,
            "MaxStockThreshold": 1,
            "MinStockThreshold": 1,
            "QuantityPercent": -1,
            "SpawnAttachments": [
                "mag_expansion_m14_10rnd"
            ],
            "Variants": []
        },
		{
            "ClassName": "ttgarand",
            "MaxPriceThreshold": 1800,
            "MinPriceThreshold": 900,
            "SellPricePercent": -1.0,
            "MaxStockThreshold": 1,
            "MinStockThreshold": 1,
            "QuantityPercent": -1,
            "SpawnAttachments": [],
            "Variants": []
        },
		{
            "ClassName": "ttr700",
            "MaxPriceThreshold": 3500,
            "MinPriceThreshold": 1900,
            "SellPricePercent": -1.0,
            "MaxStockThreshold": 1,
            "MinStockThreshold": 1,
            "QuantityPercent": -1,
            "SpawnAttachments": [],
            "Variants": []
        },
		{
            "ClassName": "avs36",
            "MaxPriceThreshold": 3500,
            "MinPriceThreshold": 1600,
            "SellPricePercent": -1.0,
            "MaxStockThreshold": 1,
            "MinStockThreshold": 1,
            "QuantityPercent": -1,
            "SpawnAttachments": [],
            "Variants": []
        },
		{
            "ClassName": "ESP_M110",
            "MaxPriceThreshold": 2900,
            "MinPriceThreshold": 1500,
            "SellPricePercent": -1.0,
            "MaxStockThreshold": 1,
            "MinStockThreshold": 1,
            "QuantityPercent": -1,
            "SpawnAttachments": [],
            "Variants": [
				"ESP_M110_Tan",
				"ESP_M110_Green"
			]
        }
    ]
}