{
    "m_Version": 11,
    "DisplayName": "#STR_EXPANSION_MARKET_TRADER_CLOTHING_ACCESSORIES",
    "MinRequiredReputation": 0,
    "MaxRequiredReputation": 2147483647,
    "RequiredFaction": "",
    "RequiredCompletedQuestID": -1,
    "TraderIcon": "Backpack",
    "Currencies": [
        "expansionbanknotehryvnia"
    ],
    "Categories": [
        "Helmets",
        "Caps",
        "Hats_And_Hoods",
        "Armbands",
        "Backpacks",
        "Eyewear",
        "Gloves",
        "Bandanas",
        "Masks",
        "Vests",
        "Holsters_And_Pouches",
        "Ghillies",
        "Belts"
    ],
    "Items": {}
}