{
    "m_Version": 11,
    "DisplayName": "#STR_EXPANSION_MARKET_TRADER_CLOTHING",
    "MinRequiredReputation": 0,
    "MaxRequiredReputation": 2147483647,
    "RequiredFaction": "",
    "RequiredCompletedQuestID": -1,
    "TraderIcon": "Backpack",
    "Currencies": [
        "expansionbanknotehryvnia"
    ],
    "Categories": [
        "Blouses_And_Suits",
        "Coats_And_Jackets",
        "Shirts_And_TShirts",
        "Skirts_And_Dresses",
        "Pants_And_Shorts",
        "Boots_And_Shoes",
		"Pelts"
    ],
    "Items": {}
}